latitude,longitude,brightness,scan,track,acq_date,acq_time,satellite,instrument,confidence,version,bright_t31,frp,daynight,comuna
-26.4349,-69.47839,320.28,0.48,0.4,2024-02-08,559,N,VIIRS,n,2.0NRT,280.98,3.44,N,DIEGO DE ALMAGRO
-26.43365,-69.47523,298.74,0.48,0.4,2024-02-08,559,N,VIIRS,n,2.0NRT,279.43,2.49,N,DIEGO DE ALMAGRO
-26.43306,-69.47987,325.51,0.48,0.4,2024-02-08,559,N,VIIRS,n,2.0NRT,281.41,2.49,N,DIEGO DE ALMAGRO
-26.43123,-69.47763,319.62,0.48,0.4,2024-02-08,559,N,VIIRS,n,2.0NRT,280.01,2.17,N,DIEGO DE ALMAGRO
-23.82299,-70.31717,323.75,0.42,0.38,2024-02-08,559,N,VIIRS,n,2.0NRT,293.35,2.74,N,ANTOFAGASTA
-23.7836,-70.31882,306.4,0.42,0.38,2024-02-08,559,N,VIIRS,n,2.0NRT,291.43,0.9,N,ANTOFAGASTA
-23.78013,-70.31822,305.42,0.42,0.38,2024-02-08,559,N,VIIRS,n,2.0NRT,291.21,0.9,N,ANTOFAGASTA
-34.10596,-70.45503,332.88,0.52,0.41,2024-02-08,601,N,VIIRS,n,2.0NRT,292.69,13.79,N,MACHALI
-33.68943,-70.73763,301.29,0.5,0.41,2024-02-08,601,N,VIIRS,n,2.0NRT,290.05,0.75,N,BUIN
-33.29679,-70.73077,310.58,0.49,0.41,2024-02-08,601,N,VIIRS,n,2.0NRT,292.56,1.69,N,COLINA
-33.29303,-70.73013,318.71,0.49,0.41,2024-02-08,601,N,VIIRS,n,2.0NRT,293.36,1.69,N,COLINA
-22.31648,-68.87875,316.51,0.46,0.39,2024-02-08,601,N,VIIRS,n,2.0NRT,285.02,2.62,N,CALAMA
-22.31587,-68.88319,327.85,0.46,0.39,2024-02-08,601,N,VIIRS,n,2.0NRT,286.4,4.36,N,CALAMA
-36.7347,-72.10268,298.39,0.47,0.4,2024-02-08,603,N,VIIRS,n,2.0NRT,287.17,0.61,N,CHILLAN
-34.78876,-71.01136,322.39,0.5,0.41,2024-02-08,603,N,VIIRS,n,2.0NRT,290.19,2.48,N,CHIMBARONGO
-39.42014,-71.94136,346.1,0.48,0.4,2024-02-08,1823,N,VIIRS,n,2.0NRT,273.13,11.24,D,PANGUIPULLI
-34.63884,-71.33346,335.04,0.42,0.37,2024-02-08,1825,N,VIIRS,l,2.0NRT,307.38,7.08,D,SANTA CRUZ
-33.29771,-70.72788,342.46,0.4,0.37,2024-02-08,1825,N,VIIRS,l,2.0NRT,313.02,7.14,D,COLINA
-26.4334,-69.47517,338.94,0.4,0.37,2024-02-08,1828,N,VIIRS,l,2.0NRT,312.76,6.49,D,DIEGO DE ALMAGRO
-24.04083,-68.57938,356.34,0.45,0.39,2024-02-08,1828,N,VIIRS,l,2.0NRT,315.3,10.0,D,ANTOFAGASTA
-24.04008,-68.57502,355.92,0.45,0.39,2024-02-08,1828,N,VIIRS,n,2.0NRT,314.82,10.0,D,ANTOFAGASTA
-24.03933,-68.57066,356.34,0.45,0.39,2024-02-08,1828,N,VIIRS,l,2.0NRT,314.96,22.76,D,ANTOFAGASTA
-24.03801,-68.58445,341.63,0.45,0.39,2024-02-08,1828,N,VIIRS,l,2.0NRT,315.2,11.93,D,ANTOFAGASTA
-24.03726,-68.58007,357.18,0.45,0.39,2024-02-08,1828,N,VIIRS,l,2.0NRT,316.0,14.5,D,ANTOFAGASTA
-24.0365,-68.57572,357.16,0.45,0.39,2024-02-08,1828,N,VIIRS,l,2.0NRT,315.47,14.5,D,ANTOFAGASTA
-24.03576,-68.57137,357.18,0.45,0.39,2024-02-08,1828,N,VIIRS,l,2.0NRT,315.87,12.07,D,ANTOFAGASTA
-24.035,-68.56701,357.16,0.45,0.39,2024-02-08,1828,N,VIIRS,l,2.0NRT,316.28,12.07,D,ANTOFAGASTA
-24.03368,-68.58077,357.85,0.45,0.39,2024-02-08,1828,N,VIIRS,l,2.0NRT,316.51,14.5,D,ANTOFAGASTA
-24.03293,-68.57642,352.82,0.45,0.39,2024-02-08,1828,N,VIIRS,n,2.0NRT,315.71,14.5,D,ANTOFAGASTA
-24.03218,-68.57206,353.13,0.45,0.39,2024-02-08,1828,N,VIIRS,n,2.0NRT,313.96,12.07,D,ANTOFAGASTA
-24.03143,-68.5677,356.37,0.45,0.39,2024-02-08,1828,N,VIIRS,n,2.0NRT,313.28,12.07,D,ANTOFAGASTA
-24.03011,-68.58148,340.61,0.45,0.39,2024-02-08,1828,N,VIIRS,l,2.0NRT,313.85,5.61,D,ANTOFAGASTA
-24.02936,-68.57712,355.7,0.45,0.39,2024-02-08,1828,N,VIIRS,n,2.0NRT,313.83,5.61,D,ANTOFAGASTA
-24.0286,-68.57275,344.2,0.45,0.39,2024-02-08,1828,N,VIIRS,n,2.0NRT,313.26,13.35,D,ANTOFAGASTA
-24.02654,-68.58218,349.46,0.45,0.39,2024-02-08,1828,N,VIIRS,n,2.0NRT,313.64,5.61,D,ANTOFAGASTA
-24.02603,-68.60064,342.33,0.45,0.39,2024-02-08,1828,N,VIIRS,l,2.0NRT,315.12,4.2,D,ANTOFAGASTA
-24.02578,-68.57781,349.39,0.45,0.39,2024-02-08,1828,N,VIIRS,n,2.0NRT,314.12,5.61,D,ANTOFAGASTA
-24.02525,-68.59614,344.01,0.45,0.39,2024-02-08,1828,N,VIIRS,l,2.0NRT,315.06,4.2,D,ANTOFAGASTA
-24.02246,-68.60135,340.77,0.45,0.39,2024-02-08,1828,N,VIIRS,l,2.0NRT,315.29,4.2,D,ANTOFAGASTA
-24.02168,-68.59685,356.15,0.45,0.39,2024-02-08,1828,N,VIIRS,n,2.0NRT,315.7,4.2,D,ANTOFAGASTA
-24.02091,-68.59239,347.24,0.45,0.39,2024-02-08,1828,N,VIIRS,n,2.0NRT,315.41,12.6,D,ANTOFAGASTA
-24.01734,-68.59309,351.42,0.45,0.39,2024-02-08,1828,N,VIIRS,n,2.0NRT,316.03,17.16,D,ANTOFAGASTA
-24.01224,-68.58498,356.76,0.45,0.39,2024-02-08,1828,N,VIIRS,l,2.0NRT,318.26,11.81,D,ANTOFAGASTA
-24.01148,-68.5806,356.08,0.45,0.39,2024-02-08,1828,N,VIIRS,n,2.0NRT,317.03,11.81,D,ANTOFAGASTA
-24.01072,-68.57623,342.42,0.45,0.39,2024-02-08,1828,N,VIIRS,l,2.0NRT,315.5,15.07,D,ANTOFAGASTA
-24.00921,-68.56751,353.74,0.45,0.39,2024-02-08,1828,N,VIIRS,n,2.0NRT,314.06,8.33,D,ANTOFAGASTA
-24.00866,-68.58567,352.85,0.45,0.39,2024-02-08,1828,N,VIIRS,n,2.0NRT,317.58,7.33,D,ANTOFAGASTA
-24.00845,-68.56315,344.44,0.45,0.39,2024-02-08,1828,N,VIIRS,n,2.0NRT,313.48,8.33,D,ANTOFAGASTA
-24.0079,-68.58129,356.78,0.45,0.39,2024-02-08,1828,N,VIIRS,l,2.0NRT,317.32,7.33,D,ANTOFAGASTA
-24.00714,-68.57693,345.16,0.45,0.39,2024-02-08,1828,N,VIIRS,n,2.0NRT,314.47,6.31,D,ANTOFAGASTA
-24.00639,-68.57256,343.22,0.45,0.39,2024-02-08,1828,N,VIIRS,l,2.0NRT,314.07,6.31,D,ANTOFAGASTA
-24.00563,-68.5682,356.76,0.45,0.39,2024-02-08,1828,N,VIIRS,l,2.0NRT,314.87,11.93,D,ANTOFAGASTA
-24.00508,-68.58637,346.7,0.45,0.39,2024-02-08,1828,N,VIIRS,n,2.0NRT,315.69,7.33,D,ANTOFAGASTA
-24.00487,-68.56384,353.24,0.45,0.39,2024-02-08,1828,N,VIIRS,n,2.0NRT,314.25,11.93,D,ANTOFAGASTA
-24.00433,-68.582,356.71,0.45,0.39,2024-02-08,1828,N,VIIRS,l,2.0NRT,315.93,7.33,D,ANTOFAGASTA
-24.00357,-68.57763,354.67,0.45,0.39,2024-02-08,1828,N,VIIRS,n,2.0NRT,315.48,6.31,D,ANTOFAGASTA
-24.00281,-68.57326,354.41,0.45,0.39,2024-02-08,1828,N,VIIRS,n,2.0NRT,314.89,6.31,D,ANTOFAGASTA
-24.00205,-68.56889,356.75,0.45,0.39,2024-02-08,1828,N,VIIRS,l,2.0NRT,314.86,11.93,D,ANTOFAGASTA
-24.00129,-68.56453,356.71,0.45,0.39,2024-02-08,1828,N,VIIRS,l,2.0NRT,314.93,11.93,D,ANTOFAGASTA
-24.00075,-68.5827,353.58,0.45,0.39,2024-02-08,1828,N,VIIRS,n,2.0NRT,315.27,15.66,D,ANTOFAGASTA
-23.99999,-68.57832,357.34,0.45,0.39,2024-02-08,1828,N,VIIRS,l,2.0NRT,315.92,9.95,D,ANTOFAGASTA
-23.99923,-68.57396,357.35,0.45,0.39,2024-02-08,1828,N,VIIRS,l,2.0NRT,316.08,9.95,D,ANTOFAGASTA
-23.99847,-68.5696,357.34,0.45,0.39,2024-02-08,1828,N,VIIRS,l,2.0NRT,316.05,11.66,D,ANTOFAGASTA
-23.99771,-68.56523,357.35,0.45,0.39,2024-02-08,1828,N,VIIRS,l,2.0NRT,315.41,11.66,D,ANTOFAGASTA
-23.99641,-68.57903,358.15,0.45,0.39,2024-02-08,1828,N,VIIRS,l,2.0NRT,315.66,9.95,D,ANTOFAGASTA
-23.99565,-68.57465,358.16,0.45,0.39,2024-02-08,1828,N,VIIRS,l,2.0NRT,316.17,9.95,D,ANTOFAGASTA
-23.99489,-68.57029,358.15,0.45,0.39,2024-02-08,1828,N,VIIRS,l,2.0NRT,315.83,11.66,D,ANTOFAGASTA
-23.99413,-68.56593,356.53,0.45,0.39,2024-02-08,1828,N,VIIRS,n,2.0NRT,314.27,11.66,D,ANTOFAGASTA
-23.99284,-68.57972,350.02,0.45,0.39,2024-02-08,1828,N,VIIRS,n,2.0NRT,314.91,8.35,D,ANTOFAGASTA
-23.99208,-68.57536,346.22,0.45,0.39,2024-02-08,1828,N,VIIRS,n,2.0NRT,315.05,8.35,D,ANTOFAGASTA
-22.79303,-69.47058,346.08,0.43,0.38,2024-02-08,1828,N,VIIRS,l,2.0NRT,319.44,4.6,D,MARIA ELENA
-22.79233,-69.4664,345.45,0.43,0.38,2024-02-08,1828,N,VIIRS,l,2.0NRT,320.2,4.6,D,MARIA ELENA
-22.79163,-69.46221,346.62,0.43,0.38,2024-02-08,1828,N,VIIRS,l,2.0NRT,320.58,7.29,D,MARIA ELENA
-22.79023,-69.47544,353.17,0.43,0.38,2024-02-08,1828,N,VIIRS,n,2.0NRT,320.32,11.67,D,MARIA ELENA
-22.78953,-69.47125,357.33,0.43,0.38,2024-02-08,1828,N,VIIRS,l,2.0NRT,320.76,4.6,D,MARIA ELENA
-22.78883,-69.46706,352.97,0.43,0.38,2024-02-08,1828,N,VIIRS,n,2.0NRT,320.66,4.6,D,MARIA ELENA
-22.78813,-69.46288,357.33,0.43,0.38,2024-02-08,1828,N,VIIRS,l,2.0NRT,320.97,7.29,D,MARIA ELENA
-22.78673,-69.47611,345.94,0.43,0.38,2024-02-08,1828,N,VIIRS,l,2.0NRT,318.41,0.97,D,MARIA ELENA
-22.78533,-69.46774,349.99,0.43,0.38,2024-02-08,1828,N,VIIRS,n,2.0NRT,319.58,1.21,D,MARIA ELENA
-22.58679,-68.69566,352.82,0.46,0.39,2024-02-08,1828,N,VIIRS,n,2.0NRT,315.53,16.35,D,CALAMA
-22.586,-68.69115,357.07,0.46,0.39,2024-02-08,1828,N,VIIRS,l,2.0NRT,316.64,15.03,D,CALAMA
-22.58317,-68.69637,356.7,0.46,0.39,2024-02-08,1828,N,VIIRS,l,2.0NRT,317.17,16.35,D,CALAMA
-22.58237,-68.69186,355.8,0.46,0.39,2024-02-08,1828,N,VIIRS,l,2.0NRT,318.37,15.03,D,CALAMA
-22.58158,-68.68733,340.98,0.46,0.39,2024-02-08,1828,N,VIIRS,l,2.0NRT,315.74,15.03,D,CALAMA
-22.57955,-68.69707,357.02,0.46,0.39,2024-02-08,1828,N,VIIRS,l,2.0NRT,316.79,15.14,D,CALAMA
-22.57875,-68.69256,356.45,0.46,0.39,2024-02-08,1828,N,VIIRS,n,2.0NRT,316.69,12.8,D,CALAMA
-22.57796,-68.68803,342.24,0.46,0.39,2024-02-08,1828,N,VIIRS,l,2.0NRT,315.75,12.8,D,CALAMA
-22.57593,-68.69778,350.1,0.46,0.39,2024-02-08,1828,N,VIIRS,n,2.0NRT,315.4,15.14,D,CALAMA
-22.57513,-68.69327,356.76,0.46,0.39,2024-02-08,1828,N,VIIRS,l,2.0NRT,316.86,12.8,D,CALAMA
-22.57434,-68.68874,346.4,0.46,0.39,2024-02-08,1828,N,VIIRS,n,2.0NRT,315.79,12.8,D,CALAMA
-22.57231,-68.69849,349.64,0.46,0.39,2024-02-08,1828,N,VIIRS,n,2.0NRT,314.16,7.0,D,CALAMA
-22.57151,-68.69397,356.59,0.46,0.39,2024-02-08,1828,N,VIIRS,n,2.0NRT,316.16,7.5,D,CALAMA
-22.57071,-68.68946,349.63,0.46,0.39,2024-02-08,1828,N,VIIRS,n,2.0NRT,313.91,7.5,D,CALAMA
-22.56869,-68.69919,337.71,0.46,0.39,2024-02-08,1828,N,VIIRS,l,2.0NRT,312.68,7.0,D,CALAMA
-22.56789,-68.69467,343.58,0.46,0.39,2024-02-08,1828,N,VIIRS,n,2.0NRT,313.61,7.5,D,CALAMA
-22.5572,-68.76087,344.97,0.46,0.39,2024-02-08,1828,N,VIIRS,n,2.0NRT,311.17,11.8,D,CALAMA
-22.55436,-68.76605,340.61,0.46,0.39,2024-02-08,1828,N,VIIRS,n,2.0NRT,310.74,3.37,D,CALAMA
-22.55359,-68.76155,356.34,0.46,0.39,2024-02-08,1828,N,VIIRS,l,2.0NRT,312.56,11.8,D,CALAMA
-22.55075,-68.76674,349.03,0.46,0.39,2024-02-08,1828,N,VIIRS,n,2.0NRT,311.21,6.97,D,CALAMA
-22.54997,-68.76224,341.6,0.46,0.39,2024-02-08,1828,N,VIIRS,n,2.0NRT,311.43,5.85,D,CALAMA
-22.5363,-68.76949,346.46,0.46,0.39,2024-02-08,1828,N,VIIRS,n,2.0NRT,311.21,5.38,D,CALAMA
-22.53346,-68.77468,339.12,0.46,0.39,2024-02-08,1828,N,VIIRS,l,2.0NRT,311.36,5.38,D,CALAMA
-22.53269,-68.77019,356.53,0.46,0.39,2024-02-08,1828,N,VIIRS,n,2.0NRT,312.21,5.38,D,CALAMA
-22.53191,-68.76569,349.36,0.46,0.39,2024-02-08,1828,N,VIIRS,n,2.0NRT,313.47,12.68,D,CALAMA
-22.52908,-68.77088,339.53,0.46,0.39,2024-02-08,1828,N,VIIRS,l,2.0NRT,311.26,3.59,D,CALAMA
-22.5283,-68.76639,351.51,0.46,0.39,2024-02-08,1828,N,VIIRS,n,2.0NRT,312.98,12.5,D,CALAMA
-22.48157,-68.97517,349.32,0.45,0.39,2024-02-08,1828,N,VIIRS,n,2.0NRT,318.8,5.91,D,CALAMA
-22.48083,-68.97079,350.22,0.45,0.39,2024-02-08,1828,N,VIIRS,n,2.0NRT,318.57,5.91,D,CALAMA
-22.4571,-68.96195,349.7,0.45,0.39,2024-02-08,1828,N,VIIRS,n,2.0NRT,315.8,7.34,D,CALAMA
-22.45634,-68.95757,339.52,0.45,0.39,2024-02-08,1828,N,VIIRS,l,2.0NRT,312.95,7.34,D,CALAMA
-22.45352,-68.96265,342.46,0.45,0.39,2024-02-08,1828,N,VIIRS,l,2.0NRT,313.07,7.15,D,CALAMA
-22.45199,-68.86757,354.04,0.46,0.39,2024-02-08,1828,N,VIIRS,n,2.0NRT,313.82,5.32,D,CALAMA
-22.44915,-68.87268,350.06,0.46,0.39,2024-02-08,1828,N,VIIRS,n,2.0NRT,313.81,5.32,D,CALAMA
-22.44839,-68.86829,353.87,0.46,0.39,2024-02-08,1828,N,VIIRS,n,2.0NRT,314.0,5.32,D,CALAMA
-22.44555,-68.8734,343.13,0.46,0.39,2024-02-08,1828,N,VIIRS,n,2.0NRT,313.86,2.99,D,CALAMA
-22.4448,-68.869,345.37,0.46,0.39,2024-02-08,1828,N,VIIRS,n,2.0NRT,313.85,2.99,D,CALAMA
-22.44196,-68.87411,338.61,0.46,0.39,2024-02-08,1828,N,VIIRS,l,2.0NRT,313.49,2.99,D,CALAMA
-22.4412,-68.8697,353.97,0.46,0.39,2024-02-08,1828,N,VIIRS,n,2.0NRT,314.46,2.99,D,CALAMA
-22.35575,-69.5132,367.0,0.43,0.38,2024-02-08,1828,N,VIIRS,l,2.0NRT,327.39,1.72,D,MARIA ELENA
-22.35505,-69.50901,367.0,0.43,0.38,2024-02-08,1828,N,VIIRS,l,2.0NRT,327.71,1.13,D,MARIA ELENA
-22.35435,-69.50482,367.0,0.43,0.38,2024-02-08,1828,N,VIIRS,l,2.0NRT,325.67,1.13,D,MARIA ELENA
-22.35224,-69.51388,356.59,0.43,0.38,2024-02-08,1828,N,VIIRS,n,2.0NRT,324.92,3.0,D,MARIA ELENA
-22.35154,-69.50968,356.12,0.43,0.38,2024-02-08,1828,N,VIIRS,n,2.0NRT,324.95,6.2,D,MARIA ELENA
-22.34943,-69.51873,352.75,0.43,0.38,2024-02-08,1828,N,VIIRS,l,2.0NRT,323.91,3.0,D,MARIA ELENA
-22.34942,-69.4971,367.0,0.43,0.38,2024-02-08,1828,N,VIIRS,l,2.0NRT,325.14,2.43,D,MARIA ELENA
-22.34873,-69.51454,357.67,0.43,0.38,2024-02-08,1828,N,VIIRS,n,2.0NRT,323.91,3.0,D,MARIA ELENA
-22.34661,-69.50195,356.43,0.43,0.38,2024-02-08,1828,N,VIIRS,n,2.0NRT,325.62,2.43,D,MARIA ELENA
-22.34592,-69.51941,350.44,0.43,0.38,2024-02-08,1828,N,VIIRS,l,2.0NRT,323.64,5.75,D,MARIA ELENA
-22.34521,-69.49359,367.0,0.43,0.38,2024-02-08,1828,N,VIIRS,l,2.0NRT,326.84,1.7,D,MARIA ELENA
-22.34451,-69.51101,367.0,0.43,0.38,2024-02-08,1828,N,VIIRS,l,2.0NRT,325.56,2.19,D,MARIA ELENA
-22.34381,-69.50681,356.58,0.43,0.38,2024-02-08,1828,N,VIIRS,n,2.0NRT,324.64,2.19,D,MARIA ELENA
-22.3431,-69.50262,356.97,0.43,0.38,2024-02-08,1828,N,VIIRS,l,2.0NRT,324.56,2.72,D,MARIA ELENA
-22.3424,-69.49843,355.98,0.43,0.38,2024-02-08,1828,N,VIIRS,n,2.0NRT,325.26,2.72,D,MARIA ELENA
-22.34169,-69.49426,367.0,0.43,0.38,2024-02-08,1828,N,VIIRS,l,2.0NRT,327.29,1.09,D,MARIA ELENA
-22.34105,-69.57645,356.39,0.43,0.38,2024-02-08,1828,N,VIIRS,l,2.0NRT,325.54,16.02,D,MARIA ELENA
-22.34034,-69.57227,353.53,0.43,0.38,2024-02-08,1828,N,VIIRS,l,2.0NRT,323.84,11.26,D,MARIA ELENA
-22.34031,-69.52911,353.87,0.43,0.38,2024-02-08,1828,N,VIIRS,n,2.0NRT,323.38,2.92,D,MARIA ELENA
-22.34029,-69.50748,355.95,0.43,0.38,2024-02-08,1828,N,VIIRS,n,2.0NRT,324.44,2.19,D,MARIA ELENA
-22.33961,-69.52492,355.69,0.43,0.38,2024-02-08,1828,N,VIIRS,l,2.0NRT,322.79,2.92,D,MARIA ELENA
-22.33959,-69.50329,355.34,0.43,0.38,2024-02-08,1828,N,VIIRS,n,2.0NRT,324.55,2.72,D,MARIA ELENA
-22.33888,-69.49911,356.3,0.43,0.38,2024-02-08,1828,N,VIIRS,n,2.0NRT,324.88,2.72,D,MARIA ELENA
-22.33825,-69.5813,356.71,0.43,0.38,2024-02-08,1828,N,VIIRS,l,2.0NRT,323.92,16.02,D,MARIA ELENA
-22.33818,-69.49493,367.0,0.43,0.38,2024-02-08,1828,N,VIIRS,l,2.0NRT,327.44,1.09,D,MARIA ELENA
-22.33755,-69.57713,356.7,0.43,0.38,2024-02-08,1828,N,VIIRS,l,2.0NRT,324.78,16.02,D,MARIA ELENA
-22.33684,-69.57294,356.71,0.43,0.38,2024-02-08,1828,N,VIIRS,l,2.0NRT,324.84,11.26,D,MARIA ELENA
-22.3368,-69.52977,356.76,0.43,0.38,2024-02-08,1828,N,VIIRS,n,2.0NRT,323.56,2.92,D,MARIA ELENA
-22.33678,-69.50814,353.71,0.43,0.38,2024-02-08,1828,N,VIIRS,l,2.0NRT,324.83,2.12,D,MARIA ELENA
-22.3361,-69.52558,356.88,0.43,0.38,2024-02-08,1828,N,VIIRS,l,2.0NRT,323.1,2.92,D,MARIA ELENA
-22.33607,-69.50395,356.32,0.43,0.38,2024-02-08,1828,N,VIIRS,l,2.0NRT,325.74,2.6,D,MARIA ELENA
-22.33537,-69.49977,352.91,0.43,0.38,2024-02-08,1828,N,VIIRS,l,2.0NRT,325.58,2.6,D,MARIA ELENA
-22.33475,-69.58198,354.97,0.43,0.38,2024-02-08,1828,N,VIIRS,n,2.0NRT,324.3,9.02,D,MARIA ELENA
-22.33467,-69.4956,367.0,0.43,0.38,2024-02-08,1828,N,VIIRS,l,2.0NRT,327.34,2.12,D,MARIA ELENA
-22.33404,-69.5778,353.57,0.43,0.38,2024-02-08,1828,N,VIIRS,l,2.0NRT,324.5,9.02,D,MARIA ELENA
-22.33334,-69.57361,356.72,0.43,0.38,2024-02-08,1828,N,VIIRS,l,2.0NRT,324.34,17.55,D,MARIA ELENA
-22.33329,-69.53043,356.38,0.43,0.38,2024-02-08,1828,N,VIIRS,l,2.0NRT,324.06,5.0,D,MARIA ELENA
-22.33327,-69.5088,367.0,0.43,0.38,2024-02-08,1828,N,VIIRS,l,2.0NRT,325.94,2.12,D,MARIA ELENA
-22.33258,-69.52625,352.91,0.43,0.38,2024-02-08,1828,N,VIIRS,l,2.0NRT,323.37,5.0,D,MARIA ELENA
-22.33186,-69.50043,354.25,0.43,0.38,2024-02-08,1828,N,VIIRS,l,2.0NRT,325.32,2.6,D,MARIA ELENA
-22.33125,-69.58265,353.93,0.43,0.38,2024-02-08,1828,N,VIIRS,n,2.0NRT,323.88,9.02,D,MARIA ELENA
-22.33115,-69.49627,367.0,0.43,0.38,2024-02-08,1828,N,VIIRS,l,2.0NRT,327.69,2.12,D,MARIA ELENA
-22.33054,-69.57847,356.66,0.43,0.38,2024-02-08,1828,N,VIIRS,l,2.0NRT,324.46,9.02,D,MARIA ELENA
-22.32984,-69.57429,356.66,0.43,0.38,2024-02-08,1828,N,VIIRS,l,2.0NRT,324.39,17.55,D,MARIA ELENA
-22.32905,-69.50528,367.0,0.43,0.38,2024-02-08,1828,N,VIIRS,l,2.0NRT,325.89,1.4,D,MARIA ELENA
-22.32837,-69.52271,367.0,0.43,0.38,2024-02-08,1828,N,VIIRS,l,2.0NRT,325.67,3.0,D,MARIA ELENA
-22.32834,-69.5011,367.0,0.43,0.38,2024-02-08,1828,N,VIIRS,l,2.0NRT,327.36,1.4,D,MARIA ELENA
-22.32775,-69.58332,354.9,0.43,0.38,2024-02-08,1828,N,VIIRS,n,2.0NRT,323.97,4.06,D,MARIA ELENA
-22.32763,-69.49693,367.0,0.43,0.38,2024-02-08,1828,N,VIIRS,l,2.0NRT,328.65,2.98,D,MARIA ELENA
-22.32704,-69.57915,351.7,0.43,0.38,2024-02-08,1828,N,VIIRS,l,2.0NRT,324.17,4.06,D,MARIA ELENA
-22.32633,-69.57497,357.31,0.43,0.38,2024-02-08,1828,N,VIIRS,l,2.0NRT,325.07,5.76,D,MARIA ELENA
-22.32562,-69.57078,352.34,0.43,0.38,2024-02-08,1828,N,VIIRS,l,2.0NRT,325.99,5.76,D,MARIA ELENA
-22.32354,-69.57982,358.19,0.43,0.38,2024-02-08,1828,N,VIIRS,l,2.0NRT,324.2,4.06,D,MARIA ELENA
-22.32283,-69.57564,358.16,0.43,0.38,2024-02-08,1828,N,VIIRS,l,2.0NRT,325.32,5.76,D,MARIA ELENA
-22.2699,-69.47763,367.0,0.43,0.38,2024-02-08,1828,N,VIIRS,l,2.0NRT,326.05,0.85,D,MARIA ELENA
-22.26918,-69.47343,367.0,0.43,0.38,2024-02-08,1828,N,VIIRS,l,2.0NRT,326.0,0.48,D,MARIA ELENA
-22.26846,-69.46924,367.0,0.43,0.38,2024-02-08,1828,N,VIIRS,l,2.0NRT,325.36,0.48,D,MARIA ELENA
-22.26839,-69.61593,367.0,0.43,0.38,2024-02-08,1828,N,VIIRS,l,2.0NRT,326.2,1.08,D,MARIA ELENA
-22.26782,-69.48669,367.0,0.43,0.38,2024-02-08,1828,N,VIIRS,l,2.0NRT,325.45,3.32,D,MARIA ELENA
-22.26774,-69.46504,367.0,0.43,0.38,2024-02-08,1828,N,VIIRS,l,2.0NRT,325.89,0.78,D,MARIA ELENA
-22.2677,-69.61176,367.0,0.43,0.38,2024-02-08,1828,N,VIIRS,l,2.0NRT,326.77,2.08,D,MARIA ELENA
-22.26702,-69.46084,367.0,0.44,0.38,2024-02-08,1828,N,VIIRS,l,2.0NRT,327.04,0.78,D,MARIA ELENA
-22.267,-69.60758,367.0,0.43,0.38,2024-02-08,1828,N,VIIRS,l,2.0NRT,326.75,2.08,D,MARIA ELENA
-22.26638,-69.47829,367.0,0.43,0.38,2024-02-08,1828,N,VIIRS,l,2.0NRT,326.76,1.86,D,MARIA ELENA
-22.2663,-69.6034,367.0,0.43,0.38,2024-02-08,1828,N,VIIRS,l,2.0NRT,328.3,1.66,D,MARIA ELENA
-22.2663,-69.45664,367.0,0.44,0.38,2024-02-08,1828,N,VIIRS,l,2.0NRT,329.41,2.22,D,MARIA ELENA
-22.26566,-69.47411,356.17,0.43,0.38,2024-02-08,1828,N,VIIRS,l,2.0NRT,326.65,4.56,D,MARIA ELENA
-22.26494,-69.4699,356.91,0.43,0.38,2024-02-08,1828,N,VIIRS,l,2.0NRT,325.06,4.56,D,MARIA ELENA
-22.26489,-69.61661,367.0,0.43,0.38,2024-02-08,1828,N,VIIRS,l,2.0NRT,325.28,1.08,D,MARIA ELENA
-22.2643,-69.48735,357.12,0.43,0.38,2024-02-08,1828,N,VIIRS,l,2.0NRT,324.42,3.32,D,MARIA ELENA
-22.26422,-69.4657,356.94,0.43,0.38,2024-02-08,1828,N,VIIRS,l,2.0NRT,325.77,7.91,D,MARIA ELENA
-22.2642,-69.61243,353.97,0.43,0.38,2024-02-08,1828,N,VIIRS,l,2.0NRT,325.7,2.08,D,MARIA ELENA
-22.26358,-69.48317,356.61,0.43,0.38,2024-02-08,1828,N,VIIRS,n,2.0NRT,324.79,1.86,D,MARIA ELENA
-22.26352,-69.50005,367.0,0.43,0.38,2024-02-08,1828,N,VIIRS,l,2.0NRT,326.81,0.62,D,MARIA ELENA
-22.2635,-69.60825,351.58,0.43,0.38,2024-02-08,1828,N,VIIRS,l,2.0NRT,325.87,2.08,D,MARIA ELENA
-22.2635,-69.4615,352.39,0.44,0.38,2024-02-08,1828,N,VIIRS,l,2.0NRT,326.8,7.91,D,MARIA ELENA
-22.26286,-69.47897,352.34,0.43,0.38,2024-02-08,1828,N,VIIRS,l,2.0NRT,325.73,1.86,D,MARIA ELENA
-22.26281,-69.49586,367.0,0.43,0.38,2024-02-08,1828,N,VIIRS,l,2.0NRT,326.51,0.62,D,MARIA ELENA
-22.2628,-69.60408,367.0,0.43,0.38,2024-02-08,1828,N,VIIRS,l,2.0NRT,327.15,1.66,D,MARIA ELENA
-22.26278,-69.45731,367.0,0.44,0.38,2024-02-08,1828,N,VIIRS,l,2.0NRT,330.11,1.86,D,MARIA ELENA
-22.26214,-69.47477,357.17,0.43,0.38,2024-02-08,1828,N,VIIRS,l,2.0NRT,325.34,4.56,D,MARIA ELENA
-22.26211,-69.49165,367.0,0.43,0.38,2024-02-08,1828,N,VIIRS,l,2.0NRT,326.51,4.91,D,MARIA ELENA
-22.2615,-69.49223,367.0,0.43,0.38,2024-02-08,1828,N,VIIRS,l,2.0NRT,326.76,2.21,D,MARIA ELENA
-22.26142,-69.47057,357.12,0.43,0.38,2024-02-08,1828,N,VIIRS,l,2.0NRT,325.62,4.56,D,MARIA ELENA
-22.26141,-69.48745,356.91,0.43,0.38,2024-02-08,1828,N,VIIRS,l,2.0NRT,324.9,4.91,D,MARIA ELENA
-22.2614,-69.61729,367.0,0.43,0.38,2024-02-08,1828,N,VIIRS,l,2.0NRT,325.6,0.94,D,MARIA ELENA
-22.26078,-69.48802,357.19,0.43,0.38,2024-02-08,1828,N,VIIRS,l,2.0NRT,325.24,2.21,D,MARIA ELENA
-22.26071,-69.48325,356.88,0.43,0.38,2024-02-08,1828,N,VIIRS,l,2.0NRT,325.38,6.01,D,MARIA ELENA
-22.2607,-69.61311,352.87,0.43,0.38,2024-02-08,1828,N,VIIRS,l,2.0NRT,326.25,2.96,D,MARIA ELENA
-22.2607,-69.46637,357.17,0.43,0.38,2024-02-08,1828,N,VIIRS,l,2.0NRT,326.14,7.91,D,MARIA ELENA
-22.26006,-69.48383,357.16,0.43,0.38,2024-02-08,1828,N,VIIRS,l,2.0NRT,325.29,4.61,D,MARIA ELENA
-22.26,-69.60893,354.01,0.43,0.38,2024-02-08,1828,N,VIIRS,l,2.0NRT,326.1,2.96,D,MARIA ELENA
-22.26,-69.47906,356.91,0.43,0.38,2024-02-08,1828,N,VIIRS,l,2.0NRT,325.12,6.01,D,MARIA ELENA
-22.25998,-69.46217,353.69,0.44,0.38,2024-02-08,1828,N,VIIRS,l,2.0NRT,326.39,7.91,D,MARIA ELENA
-22.25934,-69.47964,357.19,0.43,0.38,2024-02-08,1828,N,VIIRS,l,2.0NRT,325.55,4.61,D,MARIA ELENA
-22.2593,-69.60475,367.0,0.43,0.38,2024-02-08,1828,N,VIIRS,l,2.0NRT,328.22,1.79,D,MARIA ELENA
-22.2593,-69.47485,356.88,0.43,0.38,2024-02-08,1828,N,VIIRS,l,2.0NRT,325.38,3.9,D,MARIA ELENA
-22.25926,-69.45798,367.0,0.44,0.38,2024-02-08,1828,N,VIIRS,l,2.0NRT,328.38,1.86,D,MARIA ELENA
-22.25862,-69.47544,357.16,0.43,0.38,2024-02-08,1828,N,VIIRS,l,2.0NRT,325.36,6.45,D,MARIA ELENA
-22.2586,-69.47064,356.91,0.44,0.38,2024-02-08,1828,N,VIIRS,l,2.0NRT,325.56,3.9,D,MARIA ELENA
-22.25798,-69.49289,367.0,0.43,0.38,2024-02-08,1828,N,VIIRS,l,2.0NRT,326.55,2.21,D,MARIA ELENA
-22.2579,-69.61797,367.0,0.43,0.38,2024-02-08,1828,N,VIIRS,l,2.0NRT,326.03,0.94,D,MARIA ELENA
-22.25789,-69.46644,351.87,0.44,0.38,2024-02-08,1828,N,VIIRS,l,2.0NRT,326.81,1.1,D,MARIA ELENA
-22.25726,-69.4887,354.71,0.43,0.38,2024-02-08,1828,N,VIIRS,l,2.0NRT,326.17,2.21,D,MARIA ELENA
-22.2572,-69.61378,367.0,0.43,0.38,2024-02-08,1828,N,VIIRS,l,2.0NRT,326.54,2.96,D,MARIA ELENA
-22.25719,-69.46223,367.0,0.44,0.38,2024-02-08,1828,N,VIIRS,l,2.0NRT,329.13,1.1,D,MARIA ELENA
-22.25718,-69.46703,367.0,0.43,0.38,2024-02-08,1828,N,VIIRS,l,2.0NRT,326.61,0.98,D,MARIA ELENA
-22.25654,-69.4845,356.51,0.43,0.38,2024-02-08,1828,N,VIIRS,n,2.0NRT,325.87,4.61,D,MARIA ELENA
-22.2565,-69.60961,357.57,0.43,0.38,2024-02-08,1828,N,VIIRS,n,2.0NRT,326.27,2.96,D,MARIA ELENA
-22.25648,-69.47972,357.01,0.43,0.38,2024-02-08,1828,N,VIIRS,l,2.0NRT,326.16,6.01,D,MARIA ELENA
-22.25645,-69.46283,367.0,0.44,0.38,2024-02-08,1828,N,VIIRS,l,2.0NRT,328.84,0.98,D,MARIA ELENA
-22.25582,-69.4803,352.39,0.43,0.38,2024-02-08,1828,N,VIIRS,l,2.0NRT,326.49,4.61,D,MARIA ELENA
-22.2558,-69.60542,367.0,0.43,0.38,2024-02-08,1828,N,VIIRS,l,2.0NRT,327.41,1.79,D,MARIA ELENA
-22.25578,-69.47552,352.71,0.43,0.38,2024-02-08,1828,N,VIIRS,l,2.0NRT,326.89,3.9,D,MARIA ELENA
-22.25573,-69.45864,367.0,0.44,0.38,2024-02-08,1828,N,VIIRS,l,2.0NRT,330.55,1.4,D,MARIA ELENA
-22.2551,-69.4761,367.0,0.43,0.38,2024-02-08,1828,N,VIIRS,l,2.0NRT,327.4,6.45,D,MARIA ELENA
-22.25508,-69.47131,367.0,0.44,0.38,2024-02-08,1828,N,VIIRS,l,2.0NRT,327.13,3.9,D,MARIA ELENA
-22.25437,-69.4671,367.0,0.44,0.38,2024-02-08,1828,N,VIIRS,l,2.0NRT,326.6,1.1,D,MARIA ELENA
-22.2537,-69.61446,356.99,0.43,0.38,2024-02-08,1828,N,VIIRS,l,2.0NRT,326.23,2.73,D,MARIA ELENA
-22.25367,-69.4629,367.0,0.44,0.38,2024-02-08,1828,N,VIIRS,l,2.0NRT,328.25,1.1,D,MARIA ELENA
-22.253,-69.61028,354.89,0.43,0.38,2024-02-08,1828,N,VIIRS,l,2.0NRT,326.68,2.73,D,MARIA ELENA
-22.25296,-69.48039,367.0,0.43,0.38,2024-02-08,1828,N,VIIRS,l,2.0NRT,326.92,1.7,D,MARIA ELENA
-22.25293,-69.46349,367.0,0.44,0.38,2024-02-08,1828,N,VIIRS,l,2.0NRT,327.95,0.98,D,MARIA ELENA
-22.2523,-69.6061,367.0,0.43,0.38,2024-02-08,1828,N,VIIRS,l,2.0NRT,326.69,2.36,D,MARIA ELENA
-22.25226,-69.47619,367.0,0.43,0.38,2024-02-08,1828,N,VIIRS,l,2.0NRT,327.7,0.87,D,MARIA ELENA
-22.25221,-69.4593,367.0,0.44,0.38,2024-02-08,1828,N,VIIRS,l,2.0NRT,330.08,1.4,D,MARIA ELENA
-22.25155,-69.47198,367.0,0.44,0.38,2024-02-08,1828,N,VIIRS,l,2.0NRT,327.26,0.87,D,MARIA ELENA
-22.25149,-69.45511,367.0,0.44,0.38,2024-02-08,1828,N,VIIRS,l,2.0NRT,330.03,1.4,D,MARIA ELENA
-22.2502,-69.61514,367.0,0.43,0.38,2024-02-08,1828,N,VIIRS,l,2.0NRT,326.18,2.73,D,MARIA ELENA
-22.2495,-69.61096,367.0,0.43,0.38,2024-02-08,1828,N,VIIRS,l,2.0NRT,325.58,2.73,D,MARIA ELENA
-22.2488,-69.60679,367.0,0.43,0.38,2024-02-08,1828,N,VIIRS,l,2.0NRT,325.66,2.36,D,MARIA ELENA
-22.22915,-69.57601,367.0,0.43,0.38,2024-02-08,1828,N,VIIRS,l,2.0NRT,327.48,1.39,D,MARIA ELENA
-22.22845,-69.57182,367.0,0.43,0.38,2024-02-08,1828,N,VIIRS,l,2.0NRT,327.68,1.39,D,MARIA ELENA
-22.22774,-69.56762,367.0,0.43,0.38,2024-02-08,1828,N,VIIRS,l,2.0NRT,328.57,3.0,D,MARIA ELENA
-22.22706,-69.58507,367.0,0.43,0.38,2024-02-08,1828,N,VIIRS,l,2.0NRT,326.54,1.56,D,MARIA ELENA
-22.22636,-69.58088,350.68,0.43,0.38,2024-02-08,1828,N,VIIRS,l,2.0NRT,326.31,1.56,D,MARIA ELENA
-22.22565,-69.57669,356.81,0.43,0.38,2024-02-08,1828,N,VIIRS,l,2.0NRT,326.13,6.25,D,MARIA ELENA
-22.22494,-69.57249,354.47,0.43,0.38,2024-02-08,1828,N,VIIRS,l,2.0NRT,326.15,6.25,D,MARIA ELENA
-22.22423,-69.5683,367.0,0.43,0.38,2024-02-08,1828,N,VIIRS,l,2.0NRT,328.21,2.16,D,MARIA ELENA
-22.22356,-69.58574,367.0,0.43,0.38,2024-02-08,1828,N,VIIRS,l,2.0NRT,325.37,1.56,D,MARIA ELENA
-22.22285,-69.58156,353.89,0.43,0.38,2024-02-08,1828,N,VIIRS,l,2.0NRT,325.29,1.56,D,MARIA ELENA
-22.22215,-69.57737,356.43,0.43,0.38,2024-02-08,1828,N,VIIRS,n,2.0NRT,324.11,6.25,D,MARIA ELENA
-22.22144,-69.57317,356.69,0.43,0.38,2024-02-08,1828,N,VIIRS,n,2.0NRT,325.25,6.25,D,MARIA ELENA
-22.22073,-69.56898,367.0,0.43,0.38,2024-02-08,1828,N,VIIRS,l,2.0NRT,327.08,2.16,D,MARIA ELENA
-22.22005,-69.58642,367.0,0.43,0.38,2024-02-08,1828,N,VIIRS,l,2.0NRT,325.32,2.06,D,MARIA ELENA
-22.21935,-69.58223,352.05,0.43,0.38,2024-02-08,1828,N,VIIRS,l,2.0NRT,325.65,2.06,D,MARIA ELENA
-22.21864,-69.57804,356.29,0.43,0.38,2024-02-08,1828,N,VIIRS,n,2.0NRT,325.7,5.33,D,MARIA ELENA
-22.21793,-69.57384,357.33,0.43,0.38,2024-02-08,1828,N,VIIRS,l,2.0NRT,325.44,5.33,D,MARIA ELENA
-22.21722,-69.56966,367.0,0.43,0.38,2024-02-08,1828,N,VIIRS,l,2.0NRT,326.63,3.55,D,MARIA ELENA
-22.21584,-69.58291,367.0,0.43,0.38,2024-02-08,1828,N,VIIRS,l,2.0NRT,325.42,2.06,D,MARIA ELENA
-22.21442,-69.57452,358.15,0.43,0.38,2024-02-08,1828,N,VIIRS,l,2.0NRT,325.22,5.33,D,MARIA ELENA
-22.2067,-69.57169,367.0,0.43,0.38,2024-02-08,1828,N,VIIRS,l,2.0NRT,326.33,1.11,D,MARIA ELENA
-22.20599,-69.56749,367.0,0.43,0.38,2024-02-08,1828,N,VIIRS,l,2.0NRT,325.31,1.11,D,MARIA ELENA
-22.20528,-69.5633,367.0,0.43,0.38,2024-02-08,1828,N,VIIRS,l,2.0NRT,325.76,1.21,D,MARIA ELENA
-22.20457,-69.5591,367.0,0.43,0.38,2024-02-08,1828,N,VIIRS,l,2.0NRT,326.53,1.21,D,MARIA ELENA
-22.20319,-69.57236,367.0,0.43,0.38,2024-02-08,1828,N,VIIRS,l,2.0NRT,326.32,1.29,D,MARIA ELENA
-22.20248,-69.56817,352.96,0.43,0.38,2024-02-08,1828,N,VIIRS,l,2.0NRT,324.91,1.29,D,MARIA ELENA
-22.20177,-69.56396,354.5,0.43,0.38,2024-02-08,1828,N,VIIRS,n,2.0NRT,323.7,2.25,D,MARIA ELENA
-22.20106,-69.55978,367.0,0.43,0.38,2024-02-08,1828,N,VIIRS,l,2.0NRT,326.14,2.25,D,MARIA ELENA
-22.19969,-69.57304,367.0,0.43,0.38,2024-02-08,1828,N,VIIRS,l,2.0NRT,326.26,1.29,D,MARIA ELENA
-22.19897,-69.56885,350.4,0.43,0.38,2024-02-08,1828,N,VIIRS,l,2.0NRT,325.4,1.29,D,MARIA ELENA
-22.19826,-69.56465,356.8,0.43,0.38,2024-02-08,1828,N,VIIRS,l,2.0NRT,324.55,2.25,D,MARIA ELENA
-22.19755,-69.56046,367.0,0.43,0.38,2024-02-08,1828,N,VIIRS,l,2.0NRT,326.69,2.25,D,MARIA ELENA
-22.19124,-69.56601,356.89,0.43,0.38,2024-02-08,1828,N,VIIRS,l,2.0NRT,325.49,7.36,D,MARIA ELENA
-22.19053,-69.56181,350.34,0.43,0.38,2024-02-08,1828,N,VIIRS,l,2.0NRT,326.6,7.36,D,MARIA ELENA
-22.18982,-69.55762,367.0,0.43,0.38,2024-02-08,1828,N,VIIRS,l,2.0NRT,327.28,2.14,D,MARIA ELENA
-22.18845,-69.57087,367.0,0.43,0.38,2024-02-08,1828,N,VIIRS,l,2.0NRT,325.96,0.99,D,MARIA ELENA
-22.18774,-69.56669,357.14,0.43,0.38,2024-02-08,1828,N,VIIRS,l,2.0NRT,325.13,4.06,D,MARIA ELENA
-22.18702,-69.56248,352.54,0.43,0.38,2024-02-08,1828,N,VIIRS,l,2.0NRT,325.26,4.06,D,MARIA ELENA
-22.18631,-69.55829,367.0,0.43,0.38,2024-02-08,1828,N,VIIRS,l,2.0NRT,326.69,1.03,D,MARIA ELENA
-22.18494,-69.57156,367.0,0.43,0.38,2024-02-08,1828,N,VIIRS,l,2.0NRT,325.81,0.99,D,MARIA ELENA
-22.18423,-69.56735,356.14,0.43,0.38,2024-02-08,1828,N,VIIRS,n,2.0NRT,323.99,4.06,D,MARIA ELENA
-22.18351,-69.56316,355.76,0.43,0.38,2024-02-08,1828,N,VIIRS,n,2.0NRT,324.12,4.06,D,MARIA ELENA
-22.1828,-69.55897,367.0,0.43,0.38,2024-02-08,1828,N,VIIRS,l,2.0NRT,325.87,1.03,D,MARIA ELENA
-22.18143,-69.57224,367.0,0.43,0.38,2024-02-08,1828,N,VIIRS,l,2.0NRT,326.24,0.95,D,MARIA ELENA
-22.18072,-69.56803,353.15,0.43,0.38,2024-02-08,1828,N,VIIRS,l,2.0NRT,323.78,3.94,D,MARIA ELENA
-22.18,-69.56384,357.71,0.43,0.38,2024-02-08,1828,N,VIIRS,l,2.0NRT,324.39,3.94,D,MARIA ELENA
-22.17929,-69.55965,367.0,0.43,0.38,2024-02-08,1828,N,VIIRS,l,2.0NRT,326.01,2.07,D,MARIA ELENA
-22.17793,-69.5729,367.0,0.43,0.38,2024-02-08,1828,N,VIIRS,l,2.0NRT,325.72,0.95,D,MARIA ELENA
-22.17721,-69.56871,352.25,0.43,0.38,2024-02-08,1828,N,VIIRS,l,2.0NRT,324.61,3.94,D,MARIA ELENA
-22.17649,-69.56451,356.98,0.43,0.38,2024-02-08,1828,N,VIIRS,l,2.0NRT,324.62,3.94,D,MARIA ELENA
-22.17442,-69.57358,367.0,0.43,0.38,2024-02-08,1828,N,VIIRS,l,2.0NRT,326.91,2.35,D,MARIA ELENA
-22.1737,-69.56939,350.87,0.43,0.38,2024-02-08,1828,N,VIIRS,l,2.0NRT,326.15,11.82,D,MARIA ELENA
-22.17299,-69.56519,356.95,0.43,0.38,2024-02-08,1828,N,VIIRS,l,2.0NRT,325.79,11.82,D,MARIA ELENA
-22.16729,-69.57432,367.0,0.43,0.38,2024-02-08,1828,N,VIIRS,l,2.0NRT,327.48,2.29,D,MARIA ELENA
-22.16658,-69.57012,367.0,0.43,0.38,2024-02-08,1828,N,VIIRS,l,2.0NRT,326.51,4.62,D,MARIA ELENA
-22.16597,-69.56655,357.19,0.43,0.38,2024-02-08,1828,N,VIIRS,l,2.0NRT,326.25,9.17,D,MARIA ELENA
-22.16589,-69.56592,356.85,0.43,0.38,2024-02-08,1828,N,VIIRS,l,2.0NRT,325.71,4.62,D,MARIA ELENA
-22.16525,-69.56235,350.95,0.43,0.38,2024-02-08,1828,N,VIIRS,l,2.0NRT,326.33,1.68,D,MARIA ELENA
-22.16453,-69.55815,367.0,0.43,0.38,2024-02-08,1828,N,VIIRS,l,2.0NRT,326.37,1.68,D,MARIA ELENA
-22.16246,-69.56721,357.15,0.43,0.38,2024-02-08,1828,N,VIIRS,l,2.0NRT,325.25,9.17,D,MARIA ELENA
-22.16238,-69.5666,356.92,0.43,0.38,2024-02-08,1828,N,VIIRS,l,2.0NRT,325.04,4.62,D,MARIA ELENA
-22.16174,-69.56303,352.74,0.43,0.38,2024-02-08,1828,N,VIIRS,l,2.0NRT,326.25,1.68,D,MARIA ELENA
-22.16167,-69.56239,367.0,0.43,0.38,2024-02-08,1828,N,VIIRS,l,2.0NRT,325.75,2.1,D,MARIA ELENA
-22.16102,-69.55883,367.0,0.43,0.38,2024-02-08,1828,N,VIIRS,l,2.0NRT,325.11,1.68,D,MARIA ELENA
-22.16097,-69.5582,367.0,0.43,0.38,2024-02-08,1828,N,VIIRS,l,2.0NRT,325.29,2.1,D,MARIA ELENA
-22.15957,-69.57147,367.0,0.43,0.38,2024-02-08,1828,N,VIIRS,l,2.0NRT,325.54,1.95,D,MARIA ELENA
-22.15886,-69.56728,356.55,0.43,0.38,2024-02-08,1828,N,VIIRS,l,2.0NRT,325.42,1.95,D,MARIA ELENA
-22.15816,-69.56307,351.71,0.43,0.38,2024-02-08,1828,N,VIIRS,l,2.0NRT,325.5,1.71,D,MARIA ELENA
-22.15746,-69.55887,367.0,0.43,0.38,2024-02-08,1828,N,VIIRS,l,2.0NRT,325.04,1.71,D,MARIA ELENA
-22.15606,-69.57215,367.0,0.43,0.38,2024-02-08,1828,N,VIIRS,l,2.0NRT,325.4,1.95,D,MARIA ELENA
-22.15536,-69.56796,355.52,0.43,0.38,2024-02-08,1828,N,VIIRS,n,2.0NRT,324.99,1.95,D,MARIA ELENA
-22.15465,-69.56375,355.65,0.43,0.38,2024-02-08,1828,N,VIIRS,l,2.0NRT,325.88,1.71,D,MARIA ELENA
-22.15395,-69.55956,367.0,0.43,0.38,2024-02-08,1828,N,VIIRS,l,2.0NRT,325.04,1.71,D,MARIA ELENA
-22.15255,-69.57282,367.0,0.43,0.38,2024-02-08,1828,N,VIIRS,l,2.0NRT,326.44,0.97,D,MARIA ELENA
-22.15185,-69.56863,353.03,0.43,0.38,2024-02-08,1828,N,VIIRS,l,2.0NRT,326.4,0.97,D,MARIA ELENA
-22.15114,-69.56442,355.74,0.43,0.38,2024-02-08,1828,N,VIIRS,l,2.0NRT,326.11,0.98,D,MARIA ELENA
-22.15044,-69.56023,367.0,0.43,0.38,2024-02-08,1828,N,VIIRS,l,2.0NRT,325.86,0.98,D,MARIA ELENA
-22.14904,-69.5735,367.0,0.43,0.38,2024-02-08,1828,N,VIIRS,l,2.0NRT,326.4,0.97,D,MARIA ELENA
-22.14834,-69.56931,367.0,0.43,0.38,2024-02-08,1828,N,VIIRS,l,2.0NRT,325.9,0.97,D,MARIA ELENA
-22.14763,-69.5651,367.0,0.43,0.38,2024-02-08,1828,N,VIIRS,l,2.0NRT,325.78,0.98,D,MARIA ELENA
-22.14693,-69.5609,367.0,0.43,0.38,2024-02-08,1828,N,VIIRS,l,2.0NRT,325.78,0.98,D,MARIA ELENA
-22.06903,-69.59319,367.0,0.43,0.38,2024-02-08,1828,N,VIIRS,l,2.0NRT,326.02,1.05,D,MARIA ELENA
-22.06552,-69.59387,349.77,0.43,0.38,2024-02-08,1828,N,VIIRS,l,2.0NRT,323.63,1.05,D,MARIA ELENA
-22.06461,-69.60658,367.0,0.43,0.38,2024-02-08,1828,N,VIIRS,l,2.0NRT,325.06,1.49,D,MARIA ELENA
-22.06252,-69.59398,349.69,0.43,0.38,2024-02-08,1828,N,VIIRS,l,2.0NRT,322.81,2.19,D,MARIA ELENA
-22.06201,-69.59454,353.74,0.43,0.38,2024-02-08,1828,N,VIIRS,n,2.0NRT,322.86,2.58,D,MARIA ELENA
-22.059,-69.59466,351.75,0.43,0.38,2024-02-08,1828,N,VIIRS,l,2.0NRT,322.62,2.19,D,MARIA ELENA
-22.0585,-69.59521,355.54,0.43,0.38,2024-02-08,1828,N,VIIRS,n,2.0NRT,322.64,2.58,D,MARIA ELENA
-22.05549,-69.59532,352.22,0.43,0.38,2024-02-08,1828,N,VIIRS,n,2.0NRT,322.02,2.57,D,MARIA ELENA
-22.05198,-69.596,351.01,0.43,0.38,2024-02-08,1828,N,VIIRS,l,2.0NRT,322.97,2.57,D,MARIA ELENA
-22.04074,-69.57216,367.0,0.43,0.38,2024-02-08,1828,N,VIIRS,l,2.0NRT,325.4,2.65,D,MARIA ELENA
-22.03934,-69.58543,367.0,0.43,0.38,2024-02-08,1828,N,VIIRS,l,2.0NRT,325.17,1.36,D,MARIA ELENA
-22.03864,-69.58123,348.29,0.43,0.38,2024-02-08,1828,N,VIIRS,l,2.0NRT,323.06,1.36,D,MARIA ELENA
-22.03794,-69.57704,356.59,0.43,0.38,2024-02-08,1828,N,VIIRS,n,2.0NRT,323.51,4.74,D,MARIA ELENA
-22.03513,-69.58191,352.72,0.43,0.38,2024-02-08,1828,N,VIIRS,l,2.0NRT,323.76,1.36,D,MARIA ELENA
-22.03442,-69.57771,354.91,0.43,0.38,2024-02-08,1828,N,VIIRS,n,2.0NRT,323.92,4.74,D,MARIA ELENA
-22.03301,-69.5693,367.0,0.43,0.38,2024-02-08,1828,N,VIIRS,l,2.0NRT,325.43,1.69,D,MARIA ELENA
-22.03091,-69.57839,351.61,0.43,0.38,2024-02-08,1828,N,VIIRS,l,2.0NRT,323.81,3.11,D,MARIA ELENA
-22.0302,-69.57419,352.21,0.43,0.38,2024-02-08,1828,N,VIIRS,l,2.0NRT,323.82,3.11,D,MARIA ELENA
-22.0295,-69.56997,367.0,0.43,0.38,2024-02-08,1828,N,VIIRS,l,2.0NRT,325.36,1.55,D,MARIA ELENA
-22.0274,-69.57906,356.66,0.43,0.38,2024-02-08,1828,N,VIIRS,n,2.0NRT,323.39,3.11,D,MARIA ELENA
-22.02669,-69.57486,357.24,0.43,0.38,2024-02-08,1828,N,VIIRS,l,2.0NRT,323.12,3.11,D,MARIA ELENA
-22.02459,-69.58394,367.0,0.43,0.38,2024-02-08,1828,N,VIIRS,l,2.0NRT,325.85,2.19,D,MARIA ELENA
-22.02388,-69.57974,350.03,0.43,0.38,2024-02-08,1828,N,VIIRS,l,2.0NRT,323.38,2.28,D,MARIA ELENA
-22.02317,-69.57553,352.18,0.43,0.38,2024-02-08,1828,N,VIIRS,l,2.0NRT,323.14,2.28,D,MARIA ELENA
-21.66209,-69.49352,353.16,0.44,0.38,2024-02-08,1828,N,VIIRS,n,2.0NRT,316.87,3.99,D,MARIA ELENA
-21.66137,-69.48927,354.6,0.44,0.38,2024-02-08,1828,N,VIIRS,n,2.0NRT,316.87,2.58,D,MARIA ELENA
-21.6592,-69.47655,344.03,0.44,0.38,2024-02-08,1828,N,VIIRS,l,2.0NRT,317.05,1.92,D,MARIA ELENA
-21.65711,-69.48572,344.71,0.44,0.38,2024-02-08,1828,N,VIIRS,l,2.0NRT,317.13,2.58,D,MARIA ELENA
-21.65638,-69.48148,350.47,0.44,0.38,2024-02-08,1828,N,VIIRS,n,2.0NRT,317.32,1.92,D,MARIA ELENA
-21.65566,-69.47723,352.09,0.44,0.38,2024-02-08,1828,N,VIIRS,n,2.0NRT,317.5,1.92,D,MARIA ELENA
-21.65501,-69.4949,347.87,0.44,0.38,2024-02-08,1828,N,VIIRS,n,2.0NRT,316.39,1.59,D,MARIA ELENA
-21.65429,-69.49065,345.08,0.44,0.38,2024-02-08,1828,N,VIIRS,l,2.0NRT,316.92,1.84,D,MARIA ELENA
-21.65147,-69.49557,343.84,0.44,0.38,2024-02-08,1828,N,VIIRS,l,2.0NRT,316.3,1.59,D,MARIA ELENA
-21.65075,-69.49132,346.93,0.44,0.38,2024-02-08,1828,N,VIIRS,n,2.0NRT,316.7,1.84,D,MARIA ELENA
-21.65002,-69.48708,347.28,0.44,0.38,2024-02-08,1828,N,VIIRS,l,2.0NRT,317.87,1.84,D,MARIA ELENA
-21.14105,-69.46577,348.49,0.45,0.39,2024-02-08,1828,N,VIIRS,l,2.0NRT,321.4,3.81,D,POZO ALMONTE
-21.14032,-69.46148,357.22,0.45,0.39,2024-02-08,1828,N,VIIRS,l,2.0NRT,321.69,4.18,D,POZO ALMONTE
-21.1396,-69.45718,352.84,0.45,0.39,2024-02-08,1828,N,VIIRS,n,2.0NRT,321.69,4.18,D,POZO ALMONTE
-21.13821,-69.47076,351.48,0.45,0.39,2024-02-08,1828,N,VIIRS,n,2.0NRT,320.66,9.83,D,POZO ALMONTE
-21.13749,-69.46646,356.36,0.45,0.39,2024-02-08,1828,N,VIIRS,l,2.0NRT,319.47,9.83,D,POZO ALMONTE
-21.13676,-69.46217,356.33,0.45,0.39,2024-02-08,1828,N,VIIRS,l,2.0NRT,320.32,13.08,D,POZO ALMONTE
-21.13603,-69.45787,356.36,0.45,0.39,2024-02-08,1828,N,VIIRS,l,2.0NRT,320.59,13.08,D,POZO ALMONTE
-21.13465,-69.47144,349.39,0.45,0.39,2024-02-08,1828,N,VIIRS,l,2.0NRT,321.79,9.83,D,POZO ALMONTE
-21.13392,-69.46715,356.92,0.45,0.39,2024-02-08,1828,N,VIIRS,l,2.0NRT,321.07,9.83,D,POZO ALMONTE
-21.13319,-69.46287,355.91,0.45,0.39,2024-02-08,1828,N,VIIRS,n,2.0NRT,321.43,13.08,D,POZO ALMONTE
-21.13246,-69.45857,356.92,0.45,0.39,2024-02-08,1828,N,VIIRS,l,2.0NRT,321.86,13.08,D,POZO ALMONTE
-20.81863,-69.48516,367.0,0.45,0.39,2024-02-08,1828,N,VIIRS,l,2.0NRT,326.93,2.52,D,POZO ALMONTE
-20.81798,-69.5031,367.0,0.45,0.39,2024-02-08,1828,N,VIIRS,l,2.0NRT,327.79,2.21,D,POZO ALMONTE
-20.8179,-69.48085,367.0,0.45,0.39,2024-02-08,1828,N,VIIRS,l,2.0NRT,326.01,2.52,D,POZO ALMONTE
-20.81725,-69.49879,367.0,0.45,0.39,2024-02-08,1828,N,VIIRS,l,2.0NRT,326.6,2.21,D,POZO ALMONTE
-20.81652,-69.49448,367.0,0.45,0.39,2024-02-08,1828,N,VIIRS,l,2.0NRT,325.7,3.41,D,POZO ALMONTE
-20.81643,-69.47222,367.0,0.45,0.39,2024-02-08,1828,N,VIIRS,l,2.0NRT,325.14,4.04,D,POZO ALMONTE
-20.81579,-69.49017,367.0,0.45,0.39,2024-02-08,1828,N,VIIRS,l,2.0NRT,325.82,3.41,D,POZO ALMONTE
-20.81441,-69.5038,367.0,0.45,0.39,2024-02-08,1828,N,VIIRS,l,2.0NRT,326.86,2.21,D,POZO ALMONTE
-20.81432,-69.48154,350.77,0.45,0.39,2024-02-08,1828,N,VIIRS,l,2.0NRT,324.21,4.36,D,POZO ALMONTE
-20.81368,-69.49949,353.43,0.45,0.39,2024-02-08,1828,N,VIIRS,l,2.0NRT,326.03,2.21,D,POZO ALMONTE
-20.81359,-69.47723,356.31,0.45,0.39,2024-02-08,1828,N,VIIRS,l,2.0NRT,324.01,8.88,D,POZO ALMONTE
-20.81295,-69.49518,356.92,0.45,0.39,2024-02-08,1828,N,VIIRS,l,2.0NRT,324.52,3.41,D,POZO ALMONTE
-20.81286,-69.47293,356.28,0.45,0.39,2024-02-08,1828,N,VIIRS,l,2.0NRT,323.04,8.88,D,POZO ALMONTE
-20.81222,-69.49087,353.91,0.45,0.39,2024-02-08,1828,N,VIIRS,n,2.0NRT,323.82,3.41,D,POZO ALMONTE
-20.81212,-69.46861,355.48,0.45,0.39,2024-02-08,1828,N,VIIRS,n,2.0NRT,322.75,9.24,D,POZO ALMONTE
-20.81148,-69.48656,353.26,0.45,0.39,2024-02-08,1828,N,VIIRS,l,2.0NRT,323.39,4.36,D,POZO ALMONTE
-20.81084,-69.50449,367.0,0.45,0.39,2024-02-08,1828,N,VIIRS,l,2.0NRT,326.99,3.06,D,POZO ALMONTE
-20.81075,-69.48225,356.89,0.45,0.39,2024-02-08,1828,N,VIIRS,l,2.0NRT,322.93,4.36,D,POZO ALMONTE
-20.81011,-69.50018,352.55,0.45,0.39,2024-02-08,1828,N,VIIRS,l,2.0NRT,325.01,3.06,D,POZO ALMONTE
-20.81001,-69.47794,356.92,0.45,0.39,2024-02-08,1828,N,VIIRS,l,2.0NRT,323.03,8.88,D,POZO ALMONTE
-20.80938,-69.49587,356.28,0.45,0.39,2024-02-08,1828,N,VIIRS,l,2.0NRT,323.88,10.6,D,POZO ALMONTE
-20.80928,-69.47363,356.89,0.45,0.39,2024-02-08,1828,N,VIIRS,l,2.0NRT,322.89,8.88,D,POZO ALMONTE
-20.80864,-69.49157,356.29,0.45,0.39,2024-02-08,1828,N,VIIRS,l,2.0NRT,323.63,10.6,D,POZO ALMONTE
-20.80791,-69.48726,351.53,0.45,0.39,2024-02-08,1828,N,VIIRS,l,2.0NRT,322.66,6.94,D,POZO ALMONTE
-20.80728,-69.50519,367.0,0.45,0.39,2024-02-08,1828,N,VIIRS,l,2.0NRT,326.63,3.06,D,POZO ALMONTE
-20.80718,-69.48295,356.29,0.45,0.39,2024-02-08,1828,N,VIIRS,l,2.0NRT,322.19,6.94,D,POZO ALMONTE
-20.80654,-69.50088,352.2,0.45,0.39,2024-02-08,1828,N,VIIRS,l,2.0NRT,326.1,3.06,D,POZO ALMONTE
-20.80581,-69.49657,356.68,0.45,0.39,2024-02-08,1828,N,VIIRS,l,2.0NRT,324.07,10.6,D,POZO ALMONTE
-20.80571,-69.47432,356.29,0.45,0.39,2024-02-08,1828,N,VIIRS,l,2.0NRT,323.54,6.71,D,POZO ALMONTE
-20.80507,-69.49226,356.69,0.45,0.39,2024-02-08,1828,N,VIIRS,l,2.0NRT,324.4,10.6,D,POZO ALMONTE
-20.80497,-69.47001,351.72,0.45,0.39,2024-02-08,1828,N,VIIRS,l,2.0NRT,323.0,2.42,D,POZO ALMONTE
-20.8037,-69.50587,367.0,0.45,0.39,2024-02-08,1828,N,VIIRS,l,2.0NRT,326.89,2.88,D,POZO ALMONTE
-20.80297,-69.50157,367.0,0.45,0.39,2024-02-08,1828,N,VIIRS,l,2.0NRT,327.24,2.88,D,POZO ALMONTE
-20.80223,-69.49726,367.0,0.45,0.39,2024-02-08,1828,N,VIIRS,l,2.0NRT,325.5,4.58,D,POZO ALMONTE
-20.80213,-69.47502,367.0,0.45,0.39,2024-02-08,1828,N,VIIRS,l,2.0NRT,326.41,6.71,D,POZO ALMONTE
-20.8014,-69.47071,367.0,0.45,0.39,2024-02-08,1828,N,VIIRS,l,2.0NRT,326.2,2.42,D,POZO ALMONTE
-20.79878,-69.69219,356.69,0.44,0.38,2024-02-08,1828,N,VIIRS,n,2.0NRT,316.78,2.19,D,POZO ALMONTE
-20.79805,-69.68795,343.15,0.44,0.38,2024-02-08,1828,N,VIIRS,l,2.0NRT,315.58,2.19,D,POZO ALMONTE
-20.79523,-69.69286,342.08,0.44,0.38,2024-02-08,1828,N,VIIRS,l,2.0NRT,313.68,2.19,D,POZO ALMONTE
-20.52547,-69.47575,367.0,0.45,0.39,2024-02-08,1828,N,VIIRS,l,2.0NRT,325.57,1.29,D,PICA
-20.52473,-69.47141,367.0,0.45,0.39,2024-02-08,1828,N,VIIRS,l,2.0NRT,325.6,1.29,D,PICA
-20.52254,-69.45836,367.0,0.45,0.39,2024-02-08,1828,N,VIIRS,l,2.0NRT,325.57,1.09,D,PICA
-20.52138,-69.46915,367.0,0.45,0.39,2024-02-08,1828,N,VIIRS,l,2.0NRT,325.03,1.3,D,PICA
-20.51821,-69.4547,350.39,0.45,0.39,2024-02-08,1828,N,VIIRS,l,2.0NRT,324.53,1.09,D,PICA
-20.51761,-69.44746,367.0,0.45,0.39,2024-02-08,1828,N,VIIRS,l,2.0NRT,325.46,9.32,D,PICA
-20.51748,-69.45035,357.0,0.45,0.39,2024-02-08,1828,N,VIIRS,l,2.0NRT,325.11,4.49,D,PICA
-20.51704,-69.46551,352.39,0.45,0.39,2024-02-08,1828,N,VIIRS,l,2.0NRT,324.15,1.3,D,PICA
-20.51685,-69.44312,367.0,0.45,0.39,2024-02-08,1828,N,VIIRS,l,2.0NRT,325.42,0.61,D,PICA
-20.51628,-69.46117,357.21,0.45,0.39,2024-02-08,1828,N,VIIRS,l,2.0NRT,324.32,16.8,D,PICA
-20.51535,-69.45973,356.66,0.45,0.39,2024-02-08,1828,N,VIIRS,l,2.0NRT,324.81,24.01,D,PICA
-20.51477,-69.45248,357.21,0.45,0.39,2024-02-08,1828,N,VIIRS,l,2.0NRT,325.04,9.32,D,PICA
-20.51462,-69.45538,356.56,0.45,0.39,2024-02-08,1828,N,VIIRS,l,2.0NRT,325.57,24.01,D,PICA
-20.51402,-69.44815,353.2,0.45,0.39,2024-02-08,1828,N,VIIRS,l,2.0NRT,325.09,9.32,D,PICA
-20.51388,-69.45103,356.66,0.45,0.39,2024-02-08,1828,N,VIIRS,l,2.0NRT,325.71,44.49,D,PICA
-20.51326,-69.4438,367.0,0.45,0.39,2024-02-08,1828,N,VIIRS,l,2.0NRT,325.37,0.61,D,PICA
-20.5125,-69.46477,357.43,0.45,0.39,2024-02-08,1828,N,VIIRS,l,2.0NRT,324.9,25.38,D,PICA
-20.51176,-69.46042,357.4,0.45,0.39,2024-02-08,1828,N,VIIRS,l,2.0NRT,325.44,24.01,D,PICA
-20.50964,-69.4698,367.0,0.45,0.39,2024-02-08,1828,N,VIIRS,l,2.0NRT,325.16,5.13,D,PICA
-20.50891,-69.46545,354.24,0.45,0.39,2024-02-08,1828,N,VIIRS,l,2.0NRT,324.83,5.13,D,PICA
-20.50817,-69.46111,356.95,0.45,0.39,2024-02-08,1828,N,VIIRS,l,2.0NRT,324.95,27.26,D,PICA
-20.50531,-69.46615,351.87,0.45,0.39,2024-02-08,1828,N,VIIRS,l,2.0NRT,323.38,5.13,D,PICA
-20.50458,-69.46179,356.38,0.45,0.39,2024-02-08,1828,N,VIIRS,l,2.0NRT,323.46,27.26,D,PICA
-20.5031,-69.45309,356.3,0.45,0.39,2024-02-08,1828,N,VIIRS,l,2.0NRT,324.54,32.2,D,PICA
-20.50246,-69.47117,367.0,0.45,0.39,2024-02-08,1828,N,VIIRS,l,2.0NRT,325.07,1.83,D,PICA
-20.50237,-69.44875,356.41,0.46,0.39,2024-02-08,1828,N,VIIRS,l,2.0NRT,324.22,32.2,D,PICA
-20.50172,-69.46683,349.44,0.45,0.39,2024-02-08,1828,N,VIIRS,l,2.0NRT,323.77,1.83,D,PICA
-20.50099,-69.46248,357.19,0.45,0.39,2024-02-08,1828,N,VIIRS,l,2.0NRT,323.96,18.23,D,PICA
-20.49951,-69.45378,357.19,0.45,0.39,2024-02-08,1828,N,VIIRS,l,2.0NRT,323.11,2.88,D,PICA
-20.49877,-69.44944,348.78,0.46,0.39,2024-02-08,1828,N,VIIRS,l,2.0NRT,322.48,2.88,D,PICA
-20.36773,-69.6432,349.45,0.45,0.39,2024-02-08,1828,N,VIIRS,l,2.0NRT,321.43,2.22,D,POZO ALMONTE
-20.27464,-69.75303,346.75,0.44,0.39,2024-02-08,1828,N,VIIRS,l,2.0NRT,317.84,4.19,D,POZO ALMONTE
-20.27391,-69.74876,346.94,0.44,0.39,2024-02-08,1828,N,VIIRS,l,2.0NRT,317.39,4.19,D,POZO ALMONTE
-20.27108,-69.75369,347.25,0.44,0.39,2024-02-08,1828,N,VIIRS,l,2.0NRT,317.44,4.19,D,POZO ALMONTE
-20.26753,-69.75438,346.39,0.44,0.39,2024-02-08,1828,N,VIIRS,l,2.0NRT,317.45,9.08,D,POZO ALMONTE
-20.24975,-69.75775,346.76,0.44,0.39,2024-02-08,1828,N,VIIRS,l,2.0NRT,317.92,6.0,D,POZO ALMONTE
-20.24902,-69.7535,352.24,0.44,0.39,2024-02-08,1828,N,VIIRS,n,2.0NRT,318.76,6.0,D,POZO ALMONTE
-20.24756,-69.75736,350.07,0.44,0.39,2024-02-08,1828,N,VIIRS,n,2.0NRT,317.98,5.8,D,POZO ALMONTE
-20.24685,-69.75311,349.14,0.45,0.39,2024-02-08,1828,N,VIIRS,n,2.0NRT,318.11,5.8,D,POZO ALMONTE
-18.49978,-70.09223,347.26,0.45,0.39,2024-02-08,1830,N,VIIRS,n,2.0NRT,314.99,12.07,D,ARICA
-18.49763,-70.10127,346.72,0.45,0.39,2024-02-08,1830,N,VIIRS,n,2.0NRT,314.64,11.2,D,ARICA
-18.49692,-70.09708,346.85,0.45,0.39,2024-02-08,1830,N,VIIRS,n,2.0NRT,314.81,11.7,D,ARICA
-33.17845,-71.47662,313.81,3.8,1.82,2024-02-08,1505,Terra,MODIS,n,6.1NRT,300.64,50.71,D,CASABLANCA
-23.82077,-70.31674,321.12,0.39,0.59,2024-02-08,510,1,VIIRS,n,2.0NRT,291.17,2.31,N,ANTOFAGASTA
-23.81994,-70.32037,302.54,0.39,0.59,2024-02-08,510,1,VIIRS,n,2.0NRT,290.19,1.87,N,ANTOFAGASTA
-23.78045,-70.31865,304.58,0.39,0.59,2024-02-08,510,1,VIIRS,n,2.0NRT,290.03,1.12,N,ANTOFAGASTA
-23.77961,-70.32231,302.19,0.39,0.59,2024-02-08,510,1,VIIRS,n,2.0NRT,287.79,1.12,N,ANTOFAGASTA
-34.78888,-71.01315,325.29,0.49,0.48,2024-02-08,512,1,VIIRS,n,2.0NRT,290.37,3.16,N,CHIMBARONGO
-34.7845,-71.01165,304.21,0.49,0.48,2024-02-08,512,1,VIIRS,n,2.0NRT,289.1,0.7,N,CHIMBARONGO
-34.10799,-70.4551,300.33,0.47,0.48,2024-02-08,512,1,VIIRS,n,2.0NRT,289.16,5.48,N,MACHALI
-34.10684,-70.46021,298.96,0.47,0.48,2024-02-08,512,1,VIIRS,n,2.0NRT,288.92,4.88,N,MACHALI
-34.10381,-70.4531,334.09,0.47,0.48,2024-02-08,512,1,VIIRS,n,2.0NRT,290.67,5.48,N,MACHALI
-34.10268,-70.4581,337.36,0.47,0.48,2024-02-08,512,1,VIIRS,n,2.0NRT,289.29,4.88,N,MACHALI
-33.29171,-70.72781,311.99,0.51,0.49,2024-02-08,512,1,VIIRS,n,2.0NRT,293.12,1.67,N,COLINA
-37.19729,-73.21754,296.63,0.56,0.52,2024-02-08,514,1,VIIRS,n,2.0NRT,286.57,1.92,N,ARAUCO
-36.85017,-72.43471,303.59,0.52,0.5,2024-02-08,514,1,VIIRS,n,2.0NRT,286.06,1.15,N,QUILLON
-36.84878,-72.44054,300.28,0.52,0.5,2024-02-08,514,1,VIIRS,n,2.0NRT,284.96,1.15,N,QUILLON
-23.82441,-70.32433,299.71,0.78,0.78,2024-02-08,650,1,VIIRS,n,2.0NRT,286.86,2.52,N,ANTOFAGASTA
-36.09729,-70.72518,340.9,0.61,0.71,2024-02-08,1734,1,VIIRS,n,2.0NRT,302.91,1.14,D,COLBUN
-34.11086,-70.45802,332.93,0.57,0.69,2024-02-08,1734,1,VIIRS,n,2.0NRT,301.51,3.71,D,MACHALI
-34.1106,-70.45155,335.8,0.57,0.69,2024-02-08,1734,1,VIIRS,n,2.0NRT,299.66,3.71,D,MACHALI
-34.10489,-70.45636,335.09,0.57,0.69,2024-02-08,1734,1,VIIRS,n,2.0NRT,302.77,6.43,D,MACHALI
-34.10466,-70.44975,334.49,0.57,0.69,2024-02-08,1734,1,VIIRS,n,2.0NRT,300.37,5.76,D,MACHALI
-30.7155,-71.16597,333.32,0.59,0.7,2024-02-08,1736,1,VIIRS,n,2.0NRT,296.63,1.44,D,OVALLE
-36.74629,-73.12692,344.48,0.45,0.47,2024-02-08,1914,1,VIIRS,n,2.0NRT,304.51,8.45,D,TALCAHUANO
-33.67746,-71.01936,339.11,0.35,0.56,2024-02-08,1917,1,VIIRS,n,2.0NRT,297.49,1.57,D,EL MONTE
