country_id,latitude,longitude,brightness,scan,track,acq_date,acq_time,satellite,instrument,confidence,version,bright_t31,frp,daynight
CHL,-35.84148,-71.60989,310.64,3.47,1.75,2023-12-24,1503,Terra,MODIS,53,6.1NRT,299.02,27.47,D
CHL,-35.59811,-71.7233,311.13,3.39,1.74,2023-12-24,1503,Terra,MODIS,34,6.1NRT,299.45,24.25,D
CHL,-37.48451,-72.33624,308.99,3.23,1.7,2023-12-24,1505,Terra,MODIS,13,6.1NRT,295.65,21.52,D
CHL,-37.46918,-72.33506,309.22,3.23,1.7,2023-12-24,1505,Terra,MODIS,33,6.1NRT,296.82,23.73,D
CHL,-37.46719,-72.3712,311.39,3.21,1.7,2023-12-24,1505,Terra,MODIS,58,6.1NRT,296.22,32.02,D
CHL,-36.6188,-72.09775,314.02,3.28,1.71,2023-12-24,1505,Terra,MODIS,54,6.1NRT,297.5,31.76,D
CHL,-41.39353,-72.90285,305.64,1.53,1.22,2023-12-24,1857,Aqua,MODIS,17,6.1NRT,293.5,6.8,D
CHL,-40.34236,-72.95104,310.23,1.49,1.21,2023-12-24,1857,Aqua,MODIS,52,6.1NRT,297.91,9.52,D
CHL,-40.30749,-73.07226,308.55,1.51,1.21,2023-12-24,1857,Aqua,MODIS,33,6.1NRT,295.27,5.98,D
CHL,-40.07261,-72.87339,308.66,1.47,1.2,2023-12-24,1857,Aqua,MODIS,50,6.1NRT,297.04,9.89,D
CHL,-39.36838,-72.62662,309.33,1.4,1.17,2023-12-24,1857,Aqua,MODIS,48,6.1NRT,298,9.02,D
CHL,-39.29805,-72.22569,312.78,1.33,1.14,2023-12-24,1857,Aqua,MODIS,12,6.1NRT,298.89,9.77,D
CHL,-38.98925,-72.64111,313.33,1.38,1.16,2023-12-24,1857,Aqua,MODIS,49,6.1NRT,301.45,10.07,D
CHL,-38.76595,-72.75712,312.02,1.39,1.17,2023-12-24,1857,Aqua,MODIS,59,6.1NRT,301.49,8.23,D
CHL,-38.74932,-72.94726,310.89,1.42,1.18,2023-12-24,1857,Aqua,MODIS,52,6.1NRT,300,8.13,D
CHL,-38.52198,-72.43311,311.59,1.33,1.14,2023-12-24,1857,Aqua,MODIS,20,6.1NRT,300.97,7.1,D
CHL,-38.25317,-72.67152,314.19,1.36,1.15,2023-12-24,1857,Aqua,MODIS,60,6.1NRT,303.39,8.83,D
CHL,-37.90878,-73.50246,321.35,1.49,1.21,2023-12-24,1857,Aqua,MODIS,58,6.1NRT,298.14,28.68,D
CHL,-37.71958,-72.24554,316.64,1.28,1.12,2023-12-24,1857,Aqua,MODIS,44,6.1NRT,304.45,8.05,D
CHL,-37.48413,-73.34022,311.89,1.44,1.19,2023-12-24,1857,Aqua,MODIS,38,6.1NRT,300.01,12.33,D
CHL,-37.12542,-72.01384,316.49,1.22,1.1,2023-12-24,1900,Aqua,MODIS,40,6.1NRT,305.67,7.36,D
CHL,-36.42786,-71.95479,320.62,1.2,1.09,2023-12-24,1900,Aqua,MODIS,34,6.1NRT,308.81,8.26,D
CHL,-36.1488,-71.83659,321.22,1.17,1.08,2023-12-24,1900,Aqua,MODIS,37,6.1NRT,309.74,7.9,D
CHL,-34.23689,-70.71742,349.34,1.04,1.02,2023-12-24,1900,Aqua,MODIS,94,6.1NRT,308.72,52.48,D
CHL,-34.23545,-70.70665,334.03,1.04,1.02,2023-12-24,1900,Aqua,MODIS,84,6.1NRT,308.34,24.34,D
CHL,-34.22781,-70.71945,333.65,1.04,1.02,2023-12-24,1900,Aqua,MODIS,83,6.1NRT,311.73,23.09,D
CHL,-34.22636,-70.70858,335.03,1.04,1.02,2023-12-24,1900,Aqua,MODIS,85,6.1NRT,310.01,25.77,D
CHL,-27.41739,-70.26859,332.81,1.02,1.01,2023-12-24,1900,Aqua,MODIS,66,6.1NRT,317.13,12.16,D
CHL,-27.41585,-70.25845,334.62,1.02,1.01,2023-12-24,1900,Aqua,MODIS,75,6.1NRT,318.35,14.24,D
CHL,-39.41832,-71.94753,356.17,1.07,1.03,2023-12-25,302,Terra,MODIS,100,6.1NRT,273.26,89.68,N
CHL,-39.41674,-71.93491,343.44,1.07,1.03,2023-12-25,302,Terra,MODIS,100,6.1NRT,271.59,59.91,N
CHL,-34.10478,-70.4594,302.26,1.02,1.01,2023-12-25,304,Terra,MODIS,48,6.1NRT,287.97,6.75,N
CHL,-32.80434,-70.95171,317.72,1.01,1.01,2023-12-25,304,Terra,MODIS,96,6.1NRT,288.44,17.92,N
CHL,-27.41589,-70.25771,305.81,1.19,1.08,2023-12-25,306,Terra,MODIS,66,6.1NRT,287.74,10.75,N
CHL,-32.80295,-70.95309,301.09,1.6,1.24,2023-12-25,559,Aqua,MODIS,37,6.1NRT,285.16,13.2,N
CHL,-39.4127,-71.93563,365.68,1.34,1.15,2023-12-25,601,Aqua,MODIS,100,6.1NRT,273.37,164.92,N
CHL,-37.4809,-73.34137,312.45,1.42,1.18,2023-12-25,1405,Terra,MODIS,10,6.1NRT,299.72,10.43,D
CHL,-36.28093,-72.54142,314.77,1.35,1.15,2023-12-25,1405,Terra,MODIS,55,6.1NRT,303.69,8.42,D
CHL,-36.14986,-71.83242,314.47,1.25,1.11,2023-12-25,1405,Terra,MODIS,28,6.1NRT,302.39,6.77,D
CHL,-36.14002,-71.82981,314.6,1.25,1.11,2023-12-25,1405,Terra,MODIS,23,6.1NRT,302.6,6.41,D
CHL,-35.95691,-72.33511,317,1.34,1.15,2023-12-25,1405,Terra,MODIS,32,6.1NRT,305.22,6.31,D
CHL,-35.54001,-71.48555,314.88,1.24,1.1,2023-12-25,1405,Terra,MODIS,24,6.1NRT,303.45,6.64,D
CHL,-34.11072,-70.44936,328.18,1.17,1.07,2023-12-25,1405,Terra,MODIS,71,6.1NRT,312.43,13.57,D
CHL,-34.10855,-70.46204,326.69,1.17,1.08,2023-12-25,1405,Terra,MODIS,69,6.1NRT,313.99,10.73,D
CHL,-42.46433,-73.78964,305.33,1.21,1.09,2023-12-25,1407,Terra,MODIS,45,6.1NRT,293.52,5.68,D
CHL,-41.88692,-72.57748,316.6,1.11,1.05,2023-12-25,1407,Terra,MODIS,71,6.1NRT,303.92,15.78,D
CHL,-39.36762,-72.62626,308.7,1.21,1.09,2023-12-25,1407,Terra,MODIS,37,6.1NRT,297.14,7.81,D
CHL,-39.29386,-72.22765,309.12,1.17,1.08,2023-12-25,1407,Terra,MODIS,25,6.1NRT,295.67,6.34,D
CHL,-38.98373,-72.63512,309.91,1.23,1.1,2023-12-25,1407,Terra,MODIS,50,6.1NRT,298.82,6.45,D
CHL,-38.76407,-72.7658,309.72,1.26,1.11,2023-12-25,1407,Terra,MODIS,44,6.1NRT,298.03,6.32,D
CHL,-38.74316,-72.94057,310.04,1.28,1.12,2023-12-25,1407,Terra,MODIS,39,6.1NRT,299.14,6.63,D
CHL,-38.44378,-71.88326,310.34,1.17,1.07,2023-12-25,1407,Terra,MODIS,42,6.1NRT,298.47,7.14,D
CHL,-38.24268,-72.32771,309.97,1.22,1.1,2023-12-25,1407,Terra,MODIS,28,6.1NRT,296.94,7.75,D
CHL,-37.95525,-72.43135,313.5,1.25,1.11,2023-12-25,1407,Terra,MODIS,60,6.1NRT,300.72,10.33,D
CHL,-37.91064,-73.50785,315.48,1.42,1.18,2023-12-25,1407,Terra,MODIS,0,6.1NRT,295.63,16.12,D
CHL,-37.9064,-73.50042,315.68,1.42,1.18,2023-12-25,1407,Terra,MODIS,46,6.1NRT,299.12,15.1,D
CHL,-37.71947,-72.24544,312.32,1.24,1.11,2023-12-25,1407,Terra,MODIS,40,6.1NRT,300.66,6.03,D
CHL,-39.42418,-71.94679,305.66,2.12,1.42,2023-12-26,344,Terra,MODIS,49,6.1NRT,274.73,29.26,N
CHL,-26.4251,-69.47413,300.38,1.51,1.21,2023-12-26,639,Aqua,MODIS,26,6.1NRT,282.31,13.12,N
CHL,-39.4138,-71.92573,326.77,1.59,1.24,2023-12-26,641,Aqua,MODIS,100,6.1NRT,274.61,56.98,N
CHL,-35.84323,-71.59822,317.54,1.85,1.33,2023-12-26,1444,Terra,MODIS,40,6.1NRT,303.54,15.43,D
CHL,-35.59568,-71.7292,316.01,1.8,1.31,2023-12-26,1444,Terra,MODIS,45,6.1NRT,302.87,12.72,D
CHL,-38.9881,-72.64618,311.73,1.74,1.29,2023-12-26,1446,Terra,MODIS,49,6.1NRT,300.54,13.13,D
CHL,-38.7653,-72.75644,312.12,1.7,1.28,2023-12-26,1446,Terra,MODIS,48,6.1NRT,300.4,11.61,D
CHL,-38.74762,-72.94881,312.7,1.66,1.27,2023-12-26,1446,Terra,MODIS,46,6.1NRT,301.16,10.52,D
CHL,-38.23641,-72.3271,312.89,1.78,1.31,2023-12-26,1446,Terra,MODIS,49,6.1NRT,300.06,16.33,D
CHL,-37.48477,-73.34277,310.09,1.52,1.22,2023-12-26,1446,Terra,MODIS,25,6.1NRT,299.12,9.4,D
CHL,-37.47387,-73.34103,310.94,1.52,1.22,2023-12-26,1446,Terra,MODIS,37,6.1NRT,299.95,10.19,D
CHL,-36.74054,-72.46768,316.08,1.67,1.27,2023-12-26,1446,Terra,MODIS,34,6.1NRT,303.97,10.43,D
CHL,-45.57467,-72.06362,307.16,2.24,1.45,2023-12-26,1448,Terra,MODIS,45,6.1NRT,296.07,16.6,D
CHL,-36.42521,-71.9631,321.7,1.98,1.37,2023-12-26,1842,Aqua,MODIS,57,6.1NRT,309.49,19.43,D
CHL,-35.85469,-71.59464,320.02,1.85,1.33,2023-12-26,1845,Aqua,MODIS,15,6.1NRT,306.43,13.28,D
CHL,-35.84932,-71.60216,320.37,1.85,1.33,2023-12-26,1845,Aqua,MODIS,31,6.1NRT,307.43,15.51,D
CHL,-22.3231,-68.87903,326.34,1,1,2023-12-26,1847,Aqua,MODIS,53,6.1NRT,306.27,10.11,D
CHL,-39.42548,-71.9565,303.05,1.69,1.28,2023-12-27,247,Terra,MODIS,38,6.1NRT,277.38,18.24,N
CHL,-39.42228,-71.94906,310.97,1.69,1.28,2023-12-27,247,Terra,MODIS,76,6.1NRT,275.89,30.01,N
CHL,-40.01547,-73.16534,329.05,1.01,1.01,2023-12-27,1923,Aqua,MODIS,85,6.1NRT,304.13,22.07,D
CHL,-39.86671,-72.80538,314.25,1.03,1.01,2023-12-27,1923,Aqua,MODIS,69,6.1NRT,303.39,7.17,D
CHL,-38.99075,-72.6478,317.07,1.05,1.02,2023-12-27,1923,Aqua,MODIS,50,6.1NRT,304.59,7.74,D
CHL,-38.72768,-72.62473,319.12,1.06,1.03,2023-12-27,1923,Aqua,MODIS,13,6.1NRT,306.36,7.91,D
CHL,-38.72575,-72.61274,316.87,1.06,1.03,2023-12-27,1923,Aqua,MODIS,29,6.1NRT,304.28,6.54,D
CHL,-38.13092,-72.9992,328.05,1.05,1.02,2023-12-27,1923,Aqua,MODIS,81,6.1NRT,303.24,18.84,D
CHL,-37.96178,-72.43053,319.26,1.09,1.04,2023-12-27,1923,Aqua,MODIS,18,6.1NRT,305.78,8.68,D
CHL,-39.41599,-71.9399,324.46,1.25,1.11,2023-12-28,327,Terra,MODIS,100,6.1NRT,273.32,37.77,N
CHL,-22.3124,-68.88435,311.1,1,1,2023-12-28,622,Aqua,MODIS,82,6.1NRT,282.3,14.03,N
CHL,-39.41926,-71.92726,309.7,1.06,1.03,2023-12-28,626,Aqua,MODIS,78,6.1NRT,275.51,15.96,N
CHL,-39.41757,-71.9402,319.65,1.06,1.03,2023-12-28,626,Aqua,MODIS,99,6.1NRT,276.11,24.65,N
CHL,-39.28189,-71.96455,306.35,1.15,1.07,2023-12-28,1429,Terra,MODIS,24,6.1NRT,292.84,7.42,D
CHL,-39.10517,-72.67336,307.59,1.09,1.04,2023-12-28,1429,Terra,MODIS,44,6.1NRT,294.75,6,D
CHL,-39.09852,-72.6782,307.24,1.09,1.04,2023-12-28,1429,Terra,MODIS,46,6.1NRT,294.34,5.71,D
CHL,-38.98363,-72.63636,308.93,1.09,1.04,2023-12-28,1429,Terra,MODIS,44,6.1NRT,294.42,5.74,D
CHL,-38.74115,-72.95175,309.05,1.06,1.03,2023-12-28,1429,Terra,MODIS,44,6.1NRT,294.15,5.41,D
CHL,-38.44381,-71.89205,307.55,1.14,1.06,2023-12-28,1429,Terra,MODIS,13,6.1NRT,295.09,5.37,D
CHL,-38.24608,-72.66584,310.94,1.07,1.03,2023-12-28,1429,Terra,MODIS,17,6.1NRT,297.91,4.83,D
CHL,-38.2412,-72.32632,313.94,1.1,1.04,2023-12-28,1429,Terra,MODIS,49,6.1NRT,297.92,8.9,D
CHL,-37.95384,-72.42722,313.86,1.08,1.04,2023-12-28,1429,Terra,MODIS,57,6.1NRT,299.37,7.89,D
CHL,-37.95231,-72.43938,312.69,1.08,1.04,2023-12-28,1429,Terra,MODIS,35,6.1NRT,299.13,6.97,D
CHL,-37.80115,-73.39597,309.68,1.02,1.01,2023-12-28,1429,Terra,MODIS,63,6.1NRT,296.36,5.55,D
CHL,-37.72147,-72.23777,312.62,1.09,1.04,2023-12-28,1429,Terra,MODIS,32,6.1NRT,297.7,6.21,D
CHL,-37.60917,-73.65424,308.62,1.01,1.01,2023-12-28,1429,Terra,MODIS,53,6.1NRT,294.52,6.31,D
CHL,-38.58632,-72.1907,300.53,3.11,1.67,2023-12-29,230,Terra,MODIS,29,6.1NRT,283.23,34.44,N
CHL,-26.43148,-69.47339,301.36,1.48,1.2,2023-12-29,232,Terra,MODIS,40,6.1NRT,282.34,13.49,N
CHL,-37.46841,-72.36894,310.15,4.14,1.88,2023-12-29,1509,Terra,MODIS,26,6.1NRT,296.8,40.39,D
CHL,-36.62868,-72.08138,312.71,4.25,1.91,2023-12-29,1509,Terra,MODIS,47,6.1NRT,298.11,40.39,D
CHL,-36.61148,-72.08051,311.66,4.25,1.91,2023-12-29,1509,Terra,MODIS,29,6.1NRT,297.72,33.21,D
CHL,-35.43839,-71.6488,311.6,4.44,1.94,2023-12-29,1509,Terra,MODIS,32,6.1NRT,297.82,39.69,D
CHL,-35.43719,-71.64403,311.83,4.44,1.94,2023-12-29,1509,Terra,MODIS,36,6.1NRT,297.95,40.35,D
CHL,-42.20071,-73.58279,312.89,1.26,1.12,2023-12-29,1906,Aqua,MODIS,66,6.1NRT,296.85,11.98,D
CHL,-42.19296,-73.58958,314.87,1.26,1.12,2023-12-29,1906,Aqua,MODIS,74,6.1NRT,295.63,14.59,D
CHL,-42.19125,-73.57427,309.32,1.26,1.11,2023-12-29,1906,Aqua,MODIS,66,6.1NRT,296.18,8.67,D
CHL,-41.3976,-73.46159,308.37,1.22,1.1,2023-12-29,1906,Aqua,MODIS,62,6.1NRT,298.03,6.13,D
CHL,-41.3934,-72.91037,309.51,1.16,1.07,2023-12-29,1906,Aqua,MODIS,42,6.1NRT,297.34,6.48,D
CHL,-41.11628,-73.05759,309.33,1.17,1.07,2023-12-29,1906,Aqua,MODIS,42,6.1NRT,299.15,5.17,D
CHL,-40.34181,-72.94684,313.53,1.13,1.06,2023-12-29,1906,Aqua,MODIS,48,6.1NRT,302.12,6.92,D
CHL,-40.06849,-72.87197,311.84,1.12,1.05,2023-12-29,1906,Aqua,MODIS,52,6.1NRT,300.98,6.75,D
CHL,-39.45227,-72.76595,311.74,1.1,1.04,2023-12-29,1908,Aqua,MODIS,51,6.1NRT,301.39,6.45,D
CHL,-39.36771,-72.62809,314.31,1.08,1.04,2023-12-29,1908,Aqua,MODIS,47,6.1NRT,303.52,7.98,D
CHL,-39.2921,-72.23014,316.68,1.06,1.03,2023-12-29,1908,Aqua,MODIS,31,6.1NRT,304.26,9.61,D
CHL,-39.28291,-72.23216,317.03,1.06,1.03,2023-12-29,1908,Aqua,MODIS,32,6.1NRT,304.11,9.57,D
CHL,-38.98407,-72.64381,318.22,1.08,1.04,2023-12-29,1908,Aqua,MODIS,42,6.1NRT,306.42,8.17,D
CHL,-38.93322,-72.02956,313.79,1.04,1.02,2023-12-29,1908,Aqua,MODIS,34,6.1NRT,302.83,6.88,D
CHL,-38.74235,-72.94924,315.22,1.1,1.04,2023-12-29,1908,Aqua,MODIS,63,6.1NRT,303.15,7.31,D
CHL,-38.44622,-71.88685,314.3,1.03,1.01,2023-12-29,1908,Aqua,MODIS,28,6.1NRT,302.45,6.8,D
CHL,-38.24919,-72.67562,318.02,1.07,1.03,2023-12-29,1908,Aqua,MODIS,61,6.1NRT,306.84,8.25,D
CHL,-37.95789,-72.42902,320.49,1.05,1.02,2023-12-29,1908,Aqua,MODIS,44,6.1NRT,308.63,8.32,D
CHL,-37.795,-72.71511,317.88,1.06,1.03,2023-12-29,1908,Aqua,MODIS,44,6.1NRT,306.94,5.98,D
CHL,-37.48002,-73.34052,315.53,1.1,1.05,2023-12-29,1908,Aqua,MODIS,22,6.1NRT,303.19,7.95,D
CHL,-37.41259,-71.98491,337.88,1.02,1.01,2023-12-29,1908,Aqua,MODIS,68,6.1NRT,318.62,25.53,D
CHL,-37.24052,-71.94672,324.95,1.02,1.01,2023-12-29,1908,Aqua,MODIS,62,6.1NRT,310.99,10.17,D
CHL,-37.17413,-72.94653,319,1.06,1.03,2023-12-29,1908,Aqua,MODIS,30,6.1NRT,307.28,5.53,D
CHL,-37.08058,-73.15687,315.75,1.08,1.04,2023-12-29,1908,Aqua,MODIS,0,6.1NRT,304.27,10.41,D
CHL,-36.74379,-72.47166,322.91,1.03,1.01,2023-12-29,1908,Aqua,MODIS,53,6.1NRT,309.95,7.09,D
CHL,-36.62786,-71.83232,317.4,1.01,1,2023-12-29,1908,Aqua,MODIS,36,6.1NRT,306.35,5.81,D
CHL,-35.60126,-71.7365,323.54,1,1,2023-12-29,1908,Aqua,MODIS,31,6.1NRT,311.12,6.72,D
CHL,-34.22363,-70.90111,326.48,1.02,1.01,2023-12-29,1908,Aqua,MODIS,69,6.1NRT,311.95,10.1,D
CHL,-34.10853,-70.46112,344.46,1.04,1.02,2023-12-29,1908,Aqua,MODIS,90,6.1NRT,315.07,33.9,D
CHL,-39.4218,-71.94917,321.4,1,1,2023-12-30,308,Terra,MODIS,100,6.1NRT,274.22,22.67,N
CHL,-39.42018,-71.93756,338.63,1,1,2023-12-30,308,Terra,MODIS,100,6.1NRT,275.25,45.21,N
CHL,-34.10383,-70.4474,300.61,1.08,1.04,2023-12-30,609,Aqua,MODIS,31,6.1NRT,286.44,7.28,N
CHL,-39.41801,-71.92699,315.07,1.06,1.03,2023-12-30,612,Aqua,MODIS,91,6.1NRT,273.62,18.82,N
CHL,-39.41608,-71.93855,348.87,1.06,1.03,2023-12-30,612,Aqua,MODIS,100,6.1NRT,276.03,69.39,N
CHL,-22.31409,-68.88158,320.56,1.17,1.08,2023-12-30,1409,Terra,MODIS,53,6.1NRT,297.17,9.83,D
CHL,-39.45236,-72.7654,310.63,1.06,1.03,2023-12-30,1412,Terra,MODIS,61,6.1NRT,297.73,7.77,D
CHL,-39.45037,-72.77757,308.91,1.06,1.03,2023-12-30,1412,Terra,MODIS,49,6.1NRT,298.75,6.26,D
CHL,-39.36719,-72.61645,310.17,1.06,1.03,2023-12-30,1412,Terra,MODIS,29,6.1NRT,297.75,6.02,D
CHL,-39.36525,-72.62853,310.61,1.06,1.03,2023-12-30,1412,Terra,MODIS,26,6.1NRT,298.91,6.69,D
CHL,-38.98304,-72.64122,312.91,1.07,1.03,2023-12-30,1412,Terra,MODIS,53,6.1NRT,300.16,6.74,D
CHL,-38.93218,-72.02586,309.62,1.03,1.01,2023-12-30,1412,Terra,MODIS,27,6.1NRT,298.61,5.55,D
CHL,-38.76843,-72.76228,312.67,1.08,1.04,2023-12-30,1412,Terra,MODIS,55,6.1NRT,299.85,5.77,D
CHL,-38.74735,-72.94926,313.09,1.09,1.04,2023-12-30,1412,Terra,MODIS,46,6.1NRT,300.7,6.02,D
CHL,-36.42645,-71.95699,312.17,1.08,1.04,2023-12-30,1412,Terra,MODIS,12,6.1NRT,296.87,4.74,D
CHL,-34.10989,-70.45665,326.58,1.03,1.01,2023-12-30,1412,Terra,MODIS,77,6.1NRT,305.74,13.4,D
CHL,-45.88852,-73.25671,307.74,1,1,2023-12-30,1414,Terra,MODIS,31,6.1NRT,297.25,7.11,D
CHL,-41.88218,-72.58053,316.21,1.02,1.01,2023-12-30,1414,Terra,MODIS,59,6.1NRT,299.07,14.54,D
CHL,-41.33417,-72.58801,312.92,1.02,1.01,2023-12-30,1414,Terra,MODIS,35,6.1NRT,302.24,9.58,D
CHL,-41.12235,-73.05191,308.01,1.05,1.02,2023-12-30,1414,Terra,MODIS,41,6.1NRT,296.53,3.9,D
CHL,-41.11329,-73.04941,307.22,1.05,1.02,2023-12-30,1414,Terra,MODIS,21,6.1NRT,296.36,3.43,D
CHL,-40.90993,-73.16048,308.98,1.06,1.03,2023-12-30,1414,Terra,MODIS,63,6.1NRT,298.03,5.12,D
CHL,-40.59208,-73.1696,309.95,1.06,1.03,2023-12-30,1414,Terra,MODIS,64,6.1NRT,296.36,6.85,D
CHL,-40.34292,-72.94744,309.77,1.06,1.03,2023-12-30,1414,Terra,MODIS,45,6.1NRT,296.03,4.93,D
CHL,-40.06826,-72.86692,307.93,1.06,1.03,2023-12-30,1414,Terra,MODIS,50,6.1NRT,296.22,5.27,D
CHL,-39.86324,-72.81194,307.01,1.06,1.03,2023-12-30,1414,Terra,MODIS,42,6.1NRT,296.66,5.11,D
CHL,-45.58461,-72.058,314.15,1.57,1.24,2023-12-30,1946,Aqua,MODIS,22,6.1NRT,301.11,11.6,D
CHL,-37.47029,-72.35959,314.58,2.23,1.45,2023-12-31,1452,Terra,MODIS,43,6.1NRT,295.99,21.91,D
CHL,-34.11006,-70.45601,313.77,2.73,1.58,2023-12-31,1452,Terra,MODIS,49,6.1NRT,301.13,24.59,D
CHL,-41.4783,-72.98107,309.89,2.26,1.46,2023-12-31,1454,Terra,MODIS,0,6.1NRT,292.27,16.67,D
CHL,-41.37906,-72.90392,309.14,1.81,1.32,2023-12-31,1851,Aqua,MODIS,33,6.1NRT,284.02,18.28,D
CHL,-39.54428,-72.96193,308.89,1.73,1.29,2023-12-31,1851,Aqua,MODIS,24,6.1NRT,296.41,8.24,D
CHL,-37.124,-72.01332,313.43,1.42,1.18,2023-12-31,1853,Aqua,MODIS,38,6.1NRT,300.73,8.74,D
CHL,-36.42322,-71.96901,316.84,1.39,1.17,2023-12-31,1853,Aqua,MODIS,54,6.1NRT,302.3,9.19,D
CHL,-36.14577,-71.83042,318.57,1.35,1.15,2023-12-31,1853,Aqua,MODIS,54,6.1NRT,303.87,10.47,D
CHL,-35.59816,-71.73302,319.39,1.32,1.14,2023-12-31,1853,Aqua,MODIS,32,6.1NRT,304.47,8.57,D
CHL,-33.43597,-70.7997,327.71,1.13,1.06,2023-12-31,1853,Aqua,MODIS,53,6.1NRT,310.52,7.02,D
CHL,-39.41642,-71.92625,303.83,1.56,1.23,2024-01-01,557,Aqua,MODIS,57,6.1NRT,270.15,20.22,N
CHL,-39.4129,-71.94388,317.72,1.57,1.23,2024-01-01,557,Aqua,MODIS,96,6.1NRT,271.05,39.34,N
CHL,-45.5821,-72.05725,311.72,1.16,1.07,2024-01-01,1357,Terra,MODIS,30,6.1NRT,297.1,8.08,D
CHL,-42.46638,-73.78445,312.86,1.06,1.03,2024-01-01,1934,Aqua,MODIS,32,6.1NRT,300.73,6.26,D
CHL,-39.37052,-72.62965,316.38,1.29,1.13,2024-01-01,1934,Aqua,MODIS,57,6.1NRT,304.83,11.93,D
CHL,-38.54129,-72.01279,320.98,1.44,1.19,2024-01-01,1934,Aqua,MODIS,64,6.1NRT,297.35,24.76,D
CHL,-39.41912,-71.94886,314.97,1.53,1.22,2024-01-02,334,Terra,MODIS,90,6.1NRT,273.78,33.26,N
CHL,-39.41579,-71.93149,320.41,1.53,1.22,2024-01-02,334,Terra,MODIS,100,6.1NRT,273.93,42.6,N
CHL,-39.42093,-71.92938,339.75,1.35,1.15,2024-01-02,637,Aqua,MODIS,100,6.1NRT,273.03,73.96,N
CHL,-39.41911,-71.94567,308.07,1.35,1.15,2024-01-02,637,Aqua,MODIS,73,6.1NRT,272.52,19.17,N
CHL,-39.41715,-71.93502,337.04,1.35,1.15,2024-01-02,637,Aqua,MODIS,100,6.1NRT,273.54,67.01,N
CHL,-34.10571,-70.45267,307,1.39,1.17,2024-01-02,637,Aqua,MODIS,70,6.1NRT,285.7,16.75,N
CHL,-36.42478,-71.9581,315.37,1.28,1.12,2024-01-02,1435,Terra,MODIS,37,6.1NRT,301.88,7.53,D
CHL,-36.14571,-71.8215,315.29,1.29,1.13,2024-01-02,1435,Terra,MODIS,21,6.1NRT,302.52,7.83,D
CHL,-36.14411,-71.83573,314.97,1.29,1.13,2024-01-02,1435,Terra,MODIS,29,6.1NRT,302.64,7.17,D
CHL,-35.59875,-71.72361,315.71,1.29,1.13,2024-01-02,1435,Terra,MODIS,43,6.1NRT,301.56,8.38,D
CHL,-34.10601,-70.45895,319.47,1.45,1.19,2024-01-02,1435,Terra,MODIS,50,6.1NRT,306.47,10.84,D
CHL,-33.7604,-70.7354,319.26,1.38,1.16,2024-01-02,1435,Terra,MODIS,62,6.1NRT,304.7,12.56,D
CHL,-41.14996,-73.41729,307.71,1.24,1.11,2024-01-02,1437,Terra,MODIS,51,6.1NRT,297.53,6.18,D
CHL,-41.11887,-73.05418,306.46,1.29,1.13,2024-01-02,1437,Terra,MODIS,35,6.1NRT,295.6,5.18,D
CHL,-40.91486,-73.15855,309.26,1.27,1.12,2024-01-02,1437,Terra,MODIS,55,6.1NRT,298.66,6.66,D
CHL,-40.34023,-72.94884,310.65,1.28,1.12,2024-01-02,1437,Terra,MODIS,42,6.1NRT,297.13,6.84,D
CHL,-40.33841,-72.95507,309.63,1.28,1.12,2024-01-02,1437,Terra,MODIS,24,6.1NRT,297.73,6.32,D
CHL,-40.30535,-73.07852,310.06,1.26,1.11,2024-01-02,1437,Terra,MODIS,35,6.1NRT,298.4,5.64,D
CHL,-40.07539,-72.86813,308.63,1.28,1.12,2024-01-02,1437,Terra,MODIS,36,6.1NRT,298.18,6.72,D
CHL,-39.5371,-72.96422,308.62,1.25,1.11,2024-01-02,1437,Terra,MODIS,40,6.1NRT,298.45,6.76,D
CHL,-39.10185,-72.67901,307.49,1.27,1.12,2024-01-02,1437,Terra,MODIS,37,6.1NRT,297.17,6.8,D
CHL,-38.98608,-72.63142,309,1.27,1.12,2024-01-02,1437,Terra,MODIS,52,6.1NRT,297.12,6.29,D
CHL,-38.98445,-72.64602,310.03,1.27,1.12,2024-01-02,1437,Terra,MODIS,56,6.1NRT,297.64,7.59,D
CHL,-38.76906,-72.75742,310.2,1.25,1.11,2024-01-02,1437,Terra,MODIS,60,6.1NRT,297.76,6.65,D
CHL,-38.54552,-72.00902,321.4,1.35,1.15,2024-01-02,1437,Terra,MODIS,74,6.1NRT,296.98,29.08,D
CHL,-38.25098,-72.67339,310.87,1.24,1.11,2024-01-02,1437,Terra,MODIS,40,6.1NRT,299.19,6.55,D
CHL,-38.23746,-72.33506,310.91,1.29,1.13,2024-01-02,1437,Terra,MODIS,47,6.1NRT,298.63,8.16,D
CHL,-37.95367,-72.42926,313,1.27,1.12,2024-01-02,1437,Terra,MODIS,56,6.1NRT,299.64,10.12,D
CHL,-37.80077,-73.39283,307.04,1.15,1.07,2024-01-02,1437,Terra,MODIS,57,6.1NRT,295.79,5.36,D
CHL,-37.72129,-72.23855,312.3,1.29,1.13,2024-01-02,1437,Terra,MODIS,52,6.1NRT,299.39,7.06,D
CHL,-37.62964,-73.4541,306.92,1.13,1.06,2024-01-02,1437,Terra,MODIS,37,6.1NRT,296.56,6.22,D
CHL,-37.62807,-73.46687,307.02,1.13,1.06,2024-01-02,1437,Terra,MODIS,32,6.1NRT,296.12,6.96,D
CHL,-37.48515,-73.32918,308.73,1.14,1.07,2024-01-02,1437,Terra,MODIS,25,6.1NRT,297.06,6.41,D
CHL,-37.48362,-73.34206,309.34,1.14,1.07,2024-01-02,1437,Terra,MODIS,27,6.1NRT,297.42,6.47,D
CHL,-37.25066,-73.31947,310.25,1.14,1.06,2024-01-02,1437,Terra,MODIS,20,6.1NRT,299.05,6.5,D
CHL,-37.23746,-71.94314,316.08,1.31,1.14,2024-01-02,1437,Terra,MODIS,33,6.1NRT,303.12,9.17,D
CHL,-37.08693,-73.15942,310.38,1.15,1.07,2024-01-02,1437,Terra,MODIS,0,6.1NRT,299.21,8.97,D
CHL,-37.04062,-73.13775,311.23,1.15,1.07,2024-01-02,1437,Terra,MODIS,0,6.1NRT,300.15,9.91,D
CHL,-36.63223,-72.10651,321.04,2.47,1.51,2024-01-02,1836,Aqua,MODIS,18,6.1NRT,306.77,20.76,D
CHL,-34.31461,-71.74946,352.12,2.19,1.44,2024-01-02,1838,Aqua,MODIS,90,6.1NRT,316.13,167.95,D